sklearn_label,sklearn_version,lib,hp_name,shape,n_samples,n_features,n_train,n_test,n_threads,n_estimators,max_leaf_nodes,learning_rate,early_stopping,metric,fit_seconds_median,fit_seconds_min,fit_seconds_max,test_roc_auc_median,test_roc_auc_min,test_roc_auc_max,repeats,warmup,times_json,aucs_json,cpu_count,omp_wait_policy,omp_num_threads_env,omp_proc_bind,kmp_blocktime_env,kmp_blocktime,label,kmp
main,1.10.dev0,sklearn,tiny_stumps,tiny_1k_x_10,1000,10,1000,1000,4,10,4,0.5,False,roc_auc,0.0536336251534521,0.0536336251534521,0.0536336251534521,0.9522102795700644,0.9522102795700644,0.9522102795700644,1,1,[0.05363362515345216],[0.9522102795700644],10,,10,,0,0,sklearn main,0
main,1.10.dev0,sklearn,tiny_stumps,tiny_1k_x_10,1000,10,1000,1000,10,10,4,0.5,False,roc_auc,0.0306272089947015,0.0306272089947015,0.0306272089947015,0.9522102795700644,0.9522102795700644,0.9522102795700644,1,1,[0.030627208994701505],[0.9522102795700644],10,,10,,0,0,sklearn main,0
main,1.10.dev0,sklearn,fast_medium,tiny_1k_x_10,1000,10,1000,1000,4,30,15,0.2,False,roc_auc,0.0828598749358207,0.0828598749358207,0.0828598749358207,0.9641947110095964,0.9641947110095964,0.9641947110095964,1,1,[0.0828598749358207],[0.9641947110095963],10,,10,,0,0,sklearn main,0
main,1.10.dev0,sklearn,fast_medium,tiny_1k_x_10,1000,10,1000,1000,10,30,15,0.2,False,roc_auc,0.2262715001124888,0.2262715001124888,0.2262715001124888,0.9641947110095964,0.9641947110095964,0.9641947110095964,1,1,[0.22627150011248887],[0.9641947110095963],10,,10,,0,0,sklearn main,0
main,1.10.dev0,sklearn,more_trees,tiny_1k_x_10,1000,10,1000,1000,4,80,31,0.08,False,roc_auc,0.355725625064224,0.355725625064224,0.355725625064224,0.9632906784644246,0.9632906784644246,0.9632906784644246,1,1,[0.355725625064224],[0.9632906784644246],10,,10,,0,0,sklearn main,0
main,1.10.dev0,sklearn,more_trees,tiny_1k_x_10,1000,10,1000,1000,10,80,31,0.08,False,roc_auc,1.084476290969178,1.084476290969178,1.084476290969178,0.9632906784644246,0.9632906784644246,0.9632906784644246,1,1,[1.084476290969178],[0.9632906784644246],10,,10,,0,0,sklearn main,0
main,1.10.dev0,sklearn,wide_boosted,tiny_1k_x_10,1000,10,1000,1000,4,80,63,0.1,False,roc_auc,0.4544038749299943,0.4544038749299943,0.4544038749299943,0.9642827141777104,0.9642827141777104,0.9642827141777104,1,1,[0.45440387492999434],[0.9642827141777104],10,,10,,0,0,sklearn main,0
main,1.10.dev0,sklearn,wide_boosted,tiny_1k_x_10,1000,10,1000,1000,10,80,63,0.1,False,roc_auc,1.3512481660582123,1.3512481660582123,1.3512481660582123,0.9642827141777104,0.9642827141777104,0.9642827141777104,1,1,[1.3512481660582125],[0.9642827141777104],10,,10,,0,0,sklearn main,0
main,1.10.dev0,sklearn,tiny_stumps,small_5k_x_20,5000,20,5000,5000,4,10,4,0.5,False,roc_auc,0.0221577500924468,0.0221577500924468,0.0221577500924468,0.88672744,0.88672744,0.88672744,1,1,[0.022157750092446804],[0.88672744],10,,10,,0,0,sklearn main,0
main,1.10.dev0,sklearn,tiny_stumps,small_5k_x_20,5000,20,5000,5000,10,10,4,0.5,False,roc_auc,0.033547000028193,0.033547000028193,0.033547000028193,0.88672744,0.88672744,0.88672744,1,1,[0.033547000028193],[0.88672744],10,,10,,0,0,sklearn main,0
main,1.10.dev0,sklearn,fast_medium,small_5k_x_20,5000,20,5000,5000,4,30,15,0.2,False,roc_auc,0.0986913749948144,0.0986913749948144,0.0986913749948144,0.9744888,0.9744888,0.9744888,1,1,[0.0986913749948144],[0.9744888],10,,10,,0,0,sklearn main,0
main,1.10.dev0,sklearn,fast_medium,small_5k_x_20,5000,20,5000,5000,10,30,15,0.2,False,roc_auc,0.262481709010899,0.262481709010899,0.262481709010899,0.9744888,0.9744888,0.9744888,1,1,[0.26248170901089907],[0.9744888],10,,10,,0,0,sklearn main,0
main,1.10.dev0,sklearn,more_trees,small_5k_x_20,5000,20,5000,5000,4,80,31,0.08,False,roc_auc,0.4514609170146286,0.4514609170146286,0.4514609170146286,0.98628224,0.98628224,0.98628224,1,1,[0.45146091701462865],[0.9862822400000001],10,,10,,0,0,sklearn main,0
main,1.10.dev0,sklearn,more_trees,small_5k_x_20,5000,20,5000,5000,10,80,31,0.08,False,roc_auc,1.3477069169748574,1.3477069169748574,1.3477069169748574,0.98628224,0.98628224,0.98628224,1,1,[1.3477069169748574],[0.9862822400000001],10,,10,,0,0,sklearn main,0
main,1.10.dev0,sklearn,wide_boosted,small_5k_x_20,5000,20,5000,5000,4,80,63,0.1,False,roc_auc,0.8675513749476522,0.8675513749476522,0.8675513749476522,0.990036,0.990036,0.990036,1,1,[0.8675513749476522],[0.990036],10,,10,,0,0,sklearn main,0
main,1.10.dev0,sklearn,wide_boosted,small_5k_x_20,5000,20,5000,5000,10,80,63,0.1,False,roc_auc,2.919074541889131,2.919074541889131,2.919074541889131,0.990036,0.990036,0.990036,1,1,[2.919074541889131],[0.990036],10,,10,,0,0,sklearn main,0
main,1.10.dev0,sklearn,tiny_stumps,small_wide_2k_x_128,2000,128,2000,2000,4,10,4,0.5,False,roc_auc,0.038060582941398,0.038060582941398,0.038060582941398,0.8353968353968353,0.8353968353968353,0.8353968353968353,1,1,[0.038060582941398025],[0.8353968353968353],10,,10,,0,0,sklearn main,0
main,1.10.dev0,sklearn,tiny_stumps,small_wide_2k_x_128,2000,128,2000,2000,10,10,4,0.5,False,roc_auc,0.0551519999280571,0.0551519999280571,0.0551519999280571,0.8353968353968353,0.8353968353968353,0.8353968353968353,1,1,[0.055151999928057194],[0.8353968353968353],10,,10,,0,0,sklearn main,0
main,1.10.dev0,sklearn,fast_medium,small_wide_2k_x_128,2000,128,2000,2000,4,30,15,0.2,False,roc_auc,0.1330041671171784,0.1330041671171784,0.1330041671171784,0.938914938914939,0.938914938914939,0.938914938914939,1,1,[0.13300416711717844],[0.938914938914939],10,,10,,0,0,sklearn main,0
main,1.10.dev0,sklearn,fast_medium,small_wide_2k_x_128,2000,128,2000,2000,10,30,15,0.2,False,roc_auc,0.3037117500789463,0.3037117500789463,0.3037117500789463,0.938914938914939,0.938914938914939,0.938914938914939,1,1,[0.30371175007894635],[0.938914938914939],10,,10,,0,0,sklearn main,0
main,1.10.dev0,sklearn,more_trees,small_wide_2k_x_128,2000,128,2000,2000,4,80,31,0.08,False,roc_auc,0.5675242920406163,0.5675242920406163,0.5675242920406163,0.953999953999954,0.953999953999954,0.953999953999954,1,1,[0.5675242920406163],[0.953999953999954],10,,10,,0,0,sklearn main,0
main,1.10.dev0,sklearn,more_trees,small_wide_2k_x_128,2000,128,2000,2000,10,80,31,0.08,False,roc_auc,1.4170431250240654,1.4170431250240654,1.4170431250240654,0.953999953999954,0.953999953999954,0.953999953999954,1,1,[1.4170431250240654],[0.953999953999954],10,,10,,0,0,sklearn main,0
main,1.10.dev0,sklearn,wide_boosted,small_wide_2k_x_128,2000,128,2000,2000,4,80,63,0.1,False,roc_auc,0.9684075829572976,0.9684075829572976,0.9684075829572976,0.9550739550739552,0.9550739550739552,0.9550739550739552,1,1,[0.9684075829572976],[0.9550739550739551],10,,10,,0,0,sklearn main,0
main,1.10.dev0,sklearn,wide_boosted,small_wide_2k_x_128,2000,128,2000,2000,10,80,63,0.1,False,roc_auc,2.566618249984458,2.566618249984458,2.566618249984458,0.9550739550739552,0.9550739550739552,0.9550739550739552,1,1,[2.566618249984458],[0.9550739550739551],10,,10,,0,0,sklearn main,0
main,1.10.dev0,sklearn,tiny_stumps,medium_20k_x_20,20000,20,20000,20000,4,10,4,0.5,False,roc_auc,0.0268880838993936,0.0268880838993936,0.0268880838993936,0.889630300266908,0.889630300266908,0.889630300266908,1,1,[0.026888083899393678],[0.889630300266908],10,,10,,0,0,sklearn main,0
main,1.10.dev0,sklearn,tiny_stumps,medium_20k_x_20,20000,20,20000,20000,10,10,4,0.5,False,roc_auc,0.0348813340533524,0.0348813340533524,0.0348813340533524,0.889630300266908,0.889630300266908,0.889630300266908,1,1,[0.034881334053352475],[0.889630300266908],10,,10,,0,0,sklearn main,0
main,1.10.dev0,sklearn,fast_medium,medium_20k_x_20,20000,20,20000,20000,4,30,15,0.2,False,roc_auc,0.1046776250004768,0.1046776250004768,0.1046776250004768,0.9790080074428829,0.9790080074428829,0.9790080074428829,1,1,[0.10467762500047684],[0.9790080074428827],10,,10,,0,0,sklearn main,0
main,1.10.dev0,sklearn,fast_medium,medium_20k_x_20,20000,20,20000,20000,10,30,15,0.2,False,roc_auc,0.2544359168969095,0.2544359168969095,0.2544359168969095,0.9790080074428829,0.9790080074428829,0.9790080074428829,1,1,[0.2544359168969095],[0.9790080074428827],10,,10,,0,0,sklearn main,0
main,1.10.dev0,sklearn,more_trees,medium_20k_x_20,20000,20,20000,20000,4,80,31,0.08,False,roc_auc,0.5124665000475943,0.5124665000475943,0.5124665000475943,0.9884924358572766,0.9884924358572766,0.9884924358572766,1,1,[0.5124665000475943],[0.9884924358572766],10,,10,,0,0,sklearn main,0
main,1.10.dev0,sklearn,more_trees,medium_20k_x_20,20000,20,20000,20000,10,80,31,0.08,False,roc_auc,1.445900083053857,1.445900083053857,1.445900083053857,0.9884924358572766,0.9884924358572766,0.9884924358572766,1,1,[1.445900083053857],[0.9884924358572766],10,,10,,0,0,sklearn main,0
main,1.10.dev0,sklearn,wide_boosted,medium_20k_x_20,20000,20,20000,20000,4,80,63,0.1,False,roc_auc,1.0062381669413298,1.0062381669413298,1.0062381669413298,0.9913481868853474,0.9913481868853474,0.9913481868853474,1,1,[1.0062381669413298],[0.9913481868853474],10,,10,,0,0,sklearn main,0
main,1.10.dev0,sklearn,wide_boosted,medium_20k_x_20,20000,20,20000,20000,10,80,63,0.1,False,roc_auc,2.8677815420087427,2.8677815420087427,2.8677815420087427,0.9913481868853474,0.9913481868853474,0.9913481868853474,1,1,[2.8677815420087427],[0.9913481868853474],10,,10,,0,0,sklearn main,0
main,1.10.dev0,sklearn,tiny_stumps,medium_wide_20k_x_100,20000,100,20000,20000,4,10,4,0.5,False,roc_auc,0.0523062078282237,0.0523062078282237,0.0523062078282237,0.8611258586112587,0.8611258586112587,0.8611258586112587,1,1,[0.052306207828223705],[0.8611258586112587],10,,10,,0,0,sklearn main,0
main,1.10.dev0,sklearn,tiny_stumps,medium_wide_20k_x_100,20000,100,20000,20000,10,10,4,0.5,False,roc_auc,0.0599964580032974,0.0599964580032974,0.0599964580032974,0.8611258586112587,0.8611258586112587,0.8611258586112587,1,1,[0.05999645800329745],[0.8611258586112587],10,,10,,0,0,sklearn main,0
main,1.10.dev0,sklearn,fast_medium,medium_wide_20k_x_100,20000,100,20000,20000,4,30,15,0.2,False,roc_auc,0.172024916857481,0.172024916857481,0.172024916857481,0.962254899622549,0.962254899622549,0.962254899622549,1,1,[0.172024916857481],[0.962254899622549],10,,10,,0,0,sklearn main,0
main,1.10.dev0,sklearn,fast_medium,medium_wide_20k_x_100,20000,100,20000,20000,10,30,15,0.2,False,roc_auc,0.3236681669950485,0.3236681669950485,0.3236681669950485,0.962254899622549,0.962254899622549,0.962254899622549,1,1,[0.3236681669950485],[0.962254899622549],10,,10,,0,0,sklearn main,0
main,1.10.dev0,sklearn,more_trees,medium_wide_20k_x_100,20000,100,20000,20000,4,80,31,0.08,False,roc_auc,0.7681476250290871,0.7681476250290871,0.7681476250290871,0.9810980398109804,0.9810980398109804,0.9810980398109804,1,1,[0.7681476250290871],[0.9810980398109803],10,,10,,0,0,sklearn main,0
main,1.10.dev0,sklearn,more_trees,medium_wide_20k_x_100,20000,100,20000,20000,10,80,31,0.08,False,roc_auc,1.6075300420634449,1.6075300420634449,1.6075300420634449,0.9810980398109804,0.9810980398109804,0.9810980398109804,1,1,[1.6075300420634449],[0.9810980398109803],10,,10,,0,0,sklearn main,0
main,1.10.dev0,sklearn,wide_boosted,medium_wide_20k_x_100,20000,100,20000,20000,4,80,63,0.1,False,roc_auc,1.3671159581281245,1.3671159581281245,1.3671159581281245,0.9884320998843208,0.9884320998843208,0.9884320998843208,1,1,[1.3671159581281245],[0.9884320998843209],10,,10,,0,0,sklearn main,0
main,1.10.dev0,sklearn,wide_boosted,medium_wide_20k_x_100,20000,100,20000,20000,10,80,63,0.1,False,roc_auc,3.2465334159787744,3.2465334159787744,3.2465334159787744,0.9884320998843208,0.9884320998843208,0.9884320998843208,1,1,[3.2465334159787744],[0.9884320998843209],10,,10,,0,0,sklearn main,0
main,1.10.dev0,sklearn,tiny_stumps,medium_50k_x_50,50000,50,50000,50000,4,10,4,0.5,False,roc_auc,0.0500399579759687,0.0500399579759687,0.0500399579759687,0.8653499685845599,0.8653499685845599,0.8653499685845599,1,1,[0.05003995797596872],[0.8653499685845599],10,,10,,0,0,sklearn main,0
main,1.10.dev0,sklearn,tiny_stumps,medium_50k_x_50,50000,50,50000,50000,10,10,4,0.5,False,roc_auc,0.06222949991934,0.06222949991934,0.06222949991934,0.8653499685845599,0.8653499685845599,0.8653499685845599,1,1,[0.062229499919340014],[0.8653499685845599],10,,10,,0,0,sklearn main,0
main,1.10.dev0,sklearn,fast_medium,medium_50k_x_50,50000,50,50000,50000,4,30,15,0.2,False,roc_auc,0.1993173330556601,0.1993173330556601,0.1993173330556601,0.9607271583371636,0.9607271583371636,0.9607271583371636,1,1,[0.19931733305566013],[0.9607271583371635],10,,10,,0,0,sklearn main,0
main,1.10.dev0,sklearn,fast_medium,medium_50k_x_50,50000,50,50000,50000,10,30,15,0.2,False,roc_auc,0.3089531247969717,0.3089531247969717,0.3089531247969717,0.9607271583371636,0.9607271583371636,0.9607271583371636,1,1,[0.3089531247969717],[0.9607271583371635],10,,10,,0,0,sklearn main,0
main,1.10.dev0,sklearn,more_trees,medium_50k_x_50,50000,50,50000,50000,4,80,31,0.08,False,roc_auc,0.6966334169264883,0.6966334169264883,0.6966334169264883,0.9808219903693152,0.9808219903693152,0.9808219903693152,1,1,[0.6966334169264883],[0.9808219903693152],10,,10,,0,0,sklearn main,0
main,1.10.dev0,sklearn,more_trees,medium_50k_x_50,50000,50,50000,50000,10,80,31,0.08,False,roc_auc,1.603882540948689,1.603882540948689,1.603882540948689,0.9808219903693152,0.9808219903693152,0.9808219903693152,1,1,[1.603882540948689],[0.9808219903693152],10,,10,,0,0,sklearn main,0
main,1.10.dev0,sklearn,wide_boosted,medium_50k_x_50,50000,50,50000,50000,4,80,63,0.1,False,roc_auc,1.252197832800448,1.252197832800448,1.252197832800448,0.9898432799837492,0.9898432799837492,0.9898432799837492,1,1,[1.252197832800448],[0.9898432799837492],10,,10,,0,0,sklearn main,0
main,1.10.dev0,sklearn,wide_boosted,medium_50k_x_50,50000,50,50000,50000,10,80,63,0.1,False,roc_auc,3.2395427499432117,3.2395427499432117,3.2395427499432117,0.9898432799837492,0.9898432799837492,0.9898432799837492,1,1,[3.2395427499432117],[0.9898432799837492],10,,10,,0,0,sklearn main,0
main,1.10.dev0,sklearn,tiny_stumps,tiny_1k_x_10,1000,10,1000,1000,4,10,4,0.5,False,roc_auc,0.0418571250047534,0.0418571250047534,0.0418571250047534,0.9522102795700644,0.9522102795700644,0.9522102795700644,1,1,[0.04185712500475347],[0.9522102795700644],10,,10,,200,200,sklearn main,200
main,1.10.dev0,sklearn,tiny_stumps,tiny_1k_x_10,1000,10,1000,1000,10,10,4,0.5,False,roc_auc,0.0343482908792793,0.0343482908792793,0.0343482908792793,0.9522102795700644,0.9522102795700644,0.9522102795700644,1,1,[0.034348290879279375],[0.9522102795700644],10,,10,,200,200,sklearn main,200
main,1.10.dev0,sklearn,fast_medium,tiny_1k_x_10,1000,10,1000,1000,4,30,15,0.2,False,roc_auc,0.0415717498399317,0.0415717498399317,0.0415717498399317,0.9641947110095964,0.9641947110095964,0.9641947110095964,1,1,[0.041571749839931726],[0.9641947110095963],10,,10,,200,200,sklearn main,200
main,1.10.dev0,sklearn,fast_medium,tiny_1k_x_10,1000,10,1000,1000,10,30,15,0.2,False,roc_auc,0.0374773340299725,0.0374773340299725,0.0374773340299725,0.9641947110095964,0.9641947110095964,0.9641947110095964,1,1,[0.03747733402997255],[0.9641947110095963],10,,10,,200,200,sklearn main,200
main,1.10.dev0,sklearn,more_trees,tiny_1k_x_10,1000,10,1000,1000,4,80,31,0.08,False,roc_auc,0.1191844579298049,0.1191844579298049,0.1191844579298049,0.9632906784644246,0.9632906784644246,0.9632906784644246,1,1,[0.11918445792980492],[0.9632906784644246],10,,10,,200,200,sklearn main,200
main,1.10.dev0,sklearn,more_trees,tiny_1k_x_10,1000,10,1000,1000,10,80,31,0.08,False,roc_auc,0.1591678750701248,0.1591678750701248,0.1591678750701248,0.9632906784644246,0.9632906784644246,0.9632906784644246,1,1,[0.15916787507012486],[0.9632906784644246],10,,10,,200,200,sklearn main,200
main,1.10.dev0,sklearn,wide_boosted,tiny_1k_x_10,1000,10,1000,1000,4,80,63,0.1,False,roc_auc,0.0878759170882403,0.0878759170882403,0.0878759170882403,0.9642827141777104,0.9642827141777104,0.9642827141777104,1,1,[0.08787591708824039],[0.9642827141777104],10,,10,,200,200,sklearn main,200
main,1.10.dev0,sklearn,wide_boosted,tiny_1k_x_10,1000,10,1000,1000,10,80,63,0.1,False,roc_auc,0.1853767919819802,0.1853767919819802,0.1853767919819802,0.9642827141777104,0.9642827141777104,0.9642827141777104,1,1,[0.1853767919819802],[0.9642827141777104],10,,10,,200,200,sklearn main,200
main,1.10.dev0,sklearn,tiny_stumps,small_5k_x_20,5000,20,5000,5000,4,10,4,0.5,False,roc_auc,0.0191637079697102,0.0191637079697102,0.0191637079697102,0.88672744,0.88672744,0.88672744,1,1,[0.01916370796971023],[0.88672744],10,,10,,200,200,sklearn main,200
main,1.10.dev0,sklearn,tiny_stumps,small_5k_x_20,5000,20,5000,5000,10,10,4,0.5,False,roc_auc,0.0178322079591453,0.0178322079591453,0.0178322079591453,0.88672744,0.88672744,0.88672744,1,1,[0.017832207959145308],[0.88672744],10,,10,,200,200,sklearn main,200
main,1.10.dev0,sklearn,fast_medium,small_5k_x_20,5000,20,5000,5000,4,30,15,0.2,False,roc_auc,0.0552838749717921,0.0552838749717921,0.0552838749717921,0.9744888,0.9744888,0.9744888,1,1,[0.0552838749717921],[0.9744888],10,,10,,200,200,sklearn main,200
main,1.10.dev0,sklearn,fast_medium,small_5k_x_20,5000,20,5000,5000,10,30,15,0.2,False,roc_auc,0.0830590000841766,0.0830590000841766,0.0830590000841766,0.9744888,0.9744888,0.9744888,1,1,[0.08305900008417666],[0.9744888],10,,10,,200,200,sklearn main,200
main,1.10.dev0,sklearn,more_trees,small_5k_x_20,5000,20,5000,5000,4,80,31,0.08,False,roc_auc,0.0976657911669462,0.0976657911669462,0.0976657911669462,0.98628224,0.98628224,0.98628224,1,1,[0.09766579116694629],[0.9862822400000001],10,,10,,200,200,sklearn main,200
main,1.10.dev0,sklearn,more_trees,small_5k_x_20,5000,20,5000,5000,10,80,31,0.08,False,roc_auc,0.2067125830799341,0.2067125830799341,0.2067125830799341,0.98628224,0.98628224,0.98628224,1,1,[0.20671258307993412],[0.9862822400000001],10,,10,,200,200,sklearn main,200
main,1.10.dev0,sklearn,wide_boosted,small_5k_x_20,5000,20,5000,5000,4,80,63,0.1,False,roc_auc,0.1658551250584423,0.1658551250584423,0.1658551250584423,0.990036,0.990036,0.990036,1,1,[0.16585512505844235],[0.990036],10,,10,,200,200,sklearn main,200
main,1.10.dev0,sklearn,wide_boosted,small_5k_x_20,5000,20,5000,5000,10,80,63,0.1,False,roc_auc,0.7001696671359241,0.7001696671359241,0.7001696671359241,0.990036,0.990036,0.990036,1,1,[0.7001696671359241],[0.990036],10,,10,,200,200,sklearn main,200
main,1.10.dev0,sklearn,tiny_stumps,small_wide_2k_x_128,2000,128,2000,2000,4,10,4,0.5,False,roc_auc,0.0457890830002725,0.0457890830002725,0.0457890830002725,0.8353968353968353,0.8353968353968353,0.8353968353968353,1,1,[0.04578908300027251],[0.8353968353968353],10,,10,,200,200,sklearn main,200
main,1.10.dev0,sklearn,tiny_stumps,small_wide_2k_x_128,2000,128,2000,2000,10,10,4,0.5,False,roc_auc,0.052596041932702,0.052596041932702,0.052596041932702,0.8353968353968353,0.8353968353968353,0.8353968353968353,1,1,[0.052596041932702065],[0.8353968353968353],10,,10,,200,200,sklearn main,200
main,1.10.dev0,sklearn,fast_medium,small_wide_2k_x_128,2000,128,2000,2000,4,30,15,0.2,False,roc_auc,0.0968767090234905,0.0968767090234905,0.0968767090234905,0.938914938914939,0.938914938914939,0.938914938914939,1,1,[0.09687670902349055],[0.938914938914939],10,,10,,200,200,sklearn main,200
main,1.10.dev0,sklearn,fast_medium,small_wide_2k_x_128,2000,128,2000,2000,10,30,15,0.2,False,roc_auc,0.1629165410995483,0.1629165410995483,0.1629165410995483,0.938914938914939,0.938914938914939,0.938914938914939,1,1,[0.16291654109954834],[0.938914938914939],10,,10,,200,200,sklearn main,200
main,1.10.dev0,sklearn,more_trees,small_wide_2k_x_128,2000,128,2000,2000,4,80,31,0.08,False,roc_auc,0.2661265418864786,0.2661265418864786,0.2661265418864786,0.953999953999954,0.953999953999954,0.953999953999954,1,1,[0.26612654188647866],[0.953999953999954],10,,10,,200,200,sklearn main,200
main,1.10.dev0,sklearn,more_trees,small_wide_2k_x_128,2000,128,2000,2000,10,80,31,0.08,False,roc_auc,0.5570770411286503,0.5570770411286503,0.5570770411286503,0.953999953999954,0.953999953999954,0.953999953999954,1,1,[0.5570770411286503],[0.953999953999954],10,,10,,200,200,sklearn main,200
main,1.10.dev0,sklearn,wide_boosted,small_wide_2k_x_128,2000,128,2000,2000,4,80,63,0.1,False,roc_auc,0.3749725830275565,0.3749725830275565,0.3749725830275565,0.9550739550739552,0.9550739550739552,0.9550739550739552,1,1,[0.37497258302755654],[0.9550739550739551],10,,10,,200,200,sklearn main,200
main,1.10.dev0,sklearn,wide_boosted,small_wide_2k_x_128,2000,128,2000,2000,10,80,63,0.1,False,roc_auc,0.7676003749947995,0.7676003749947995,0.7676003749947995,0.9550739550739552,0.9550739550739552,0.9550739550739552,1,1,[0.7676003749947995],[0.9550739550739551],10,,10,,200,200,sklearn main,200
main,1.10.dev0,sklearn,tiny_stumps,medium_20k_x_20,20000,20,20000,20000,4,10,4,0.5,False,roc_auc,0.0390635409858077,0.0390635409858077,0.0390635409858077,0.889630300266908,0.889630300266908,0.889630300266908,1,1,[0.039063540985807776],[0.889630300266908],10,,10,,200,200,sklearn main,200
main,1.10.dev0,sklearn,tiny_stumps,medium_20k_x_20,20000,20,20000,20000,10,10,4,0.5,False,roc_auc,0.0207039581146091,0.0207039581146091,0.0207039581146091,0.889630300266908,0.889630300266908,0.889630300266908,1,1,[0.020703958114609122],[0.889630300266908],10,,10,,200,200,sklearn main,200
main,1.10.dev0,sklearn,fast_medium,medium_20k_x_20,20000,20,20000,20000,4,30,15,0.2,False,roc_auc,0.0817934579681605,0.0817934579681605,0.0817934579681605,0.9790080074428829,0.9790080074428829,0.9790080074428829,1,1,[0.08179345796816051],[0.9790080074428827],10,,10,,200,200,sklearn main,200
main,1.10.dev0,sklearn,fast_medium,medium_20k_x_20,20000,20,20000,20000,10,30,15,0.2,False,roc_auc,0.0935480841435492,0.0935480841435492,0.0935480841435492,0.9790080074428829,0.9790080074428829,0.9790080074428829,1,1,[0.0935480841435492],[0.9790080074428827],10,,10,,200,200,sklearn main,200
main,1.10.dev0,sklearn,more_trees,medium_20k_x_20,20000,20,20000,20000,4,80,31,0.08,False,roc_auc,0.1639097919687628,0.1639097919687628,0.1639097919687628,0.9884924358572766,0.9884924358572766,0.9884924358572766,1,1,[0.16390979196876287],[0.9884924358572766],10,,10,,200,200,sklearn main,200
main,1.10.dev0,sklearn,more_trees,medium_20k_x_20,20000,20,20000,20000,10,80,31,0.08,False,roc_auc,0.4600489579606801,0.4600489579606801,0.4600489579606801,0.9884924358572766,0.9884924358572766,0.9884924358572766,1,1,[0.4600489579606801],[0.9884924358572766],10,,10,,200,200,sklearn main,200
main,1.10.dev0,sklearn,wide_boosted,medium_20k_x_20,20000,20,20000,20000,4,80,63,0.1,False,roc_auc,0.2367011250462383,0.2367011250462383,0.2367011250462383,0.9913481868853474,0.9913481868853474,0.9913481868853474,1,1,[0.2367011250462383],[0.9913481868853474],10,,10,,200,200,sklearn main,200
main,1.10.dev0,sklearn,wide_boosted,medium_20k_x_20,20000,20,20000,20000,10,80,63,0.1,False,roc_auc,0.5910124171059579,0.5910124171059579,0.5910124171059579,0.9913481868853474,0.9913481868853474,0.9913481868853474,1,1,[0.5910124171059579],[0.9913481868853474],10,,10,,200,200,sklearn main,200
main,1.10.dev0,sklearn,tiny_stumps,medium_wide_20k_x_100,20000,100,20000,20000,4,10,4,0.5,False,roc_auc,0.0662764578592032,0.0662764578592032,0.0662764578592032,0.8611258586112587,0.8611258586112587,0.8611258586112587,1,1,[0.06627645785920322],[0.8611258586112587],10,,10,,200,200,sklearn main,200
main,1.10.dev0,sklearn,tiny_stumps,medium_wide_20k_x_100,20000,100,20000,20000,10,10,4,0.5,False,roc_auc,0.0528990840539336,0.0528990840539336,0.0528990840539336,0.8611258586112587,0.8611258586112587,0.8611258586112587,1,1,[0.05289908405393362],[0.8611258586112587],10,,10,,200,200,sklearn main,200
main,1.10.dev0,sklearn,fast_medium,medium_wide_20k_x_100,20000,100,20000,20000,4,30,15,0.2,False,roc_auc,0.1350972920190543,0.1350972920190543,0.1350972920190543,0.962254899622549,0.962254899622549,0.962254899622549,1,1,[0.1350972920190543],[0.962254899622549],10,,10,,200,200,sklearn main,200
main,1.10.dev0,sklearn,fast_medium,medium_wide_20k_x_100,20000,100,20000,20000,10,30,15,0.2,False,roc_auc,0.1806307088118046,0.1806307088118046,0.1806307088118046,0.962254899622549,0.962254899622549,0.962254899622549,1,1,[0.18063070881180465],[0.962254899622549],10,,10,,200,200,sklearn main,200
main,1.10.dev0,sklearn,more_trees,medium_wide_20k_x_100,20000,100,20000,20000,4,80,31,0.08,False,roc_auc,0.4737481670454144,0.4737481670454144,0.4737481670454144,0.9810980398109804,0.9810980398109804,0.9810980398109804,1,1,[0.47374816704541445],[0.9810980398109803],10,,10,,200,200,sklearn main,200
main,1.10.dev0,sklearn,more_trees,medium_wide_20k_x_100,20000,100,20000,20000,10,80,31,0.08,False,roc_auc,1.1567762079648674,1.1567762079648674,1.1567762079648674,0.9810980398109804,0.9810980398109804,0.9810980398109804,1,1,[1.1567762079648674],[0.9810980398109803],10,,10,,200,200,sklearn main,200
main,1.10.dev0,sklearn,wide_boosted,medium_wide_20k_x_100,20000,100,20000,20000,4,80,63,0.1,False,roc_auc,0.7191808340139687,0.7191808340139687,0.7191808340139687,0.9884320998843208,0.9884320998843208,0.9884320998843208,1,1,[0.7191808340139687],[0.9884320998843209],10,,10,,200,200,sklearn main,200
main,1.10.dev0,sklearn,wide_boosted,medium_wide_20k_x_100,20000,100,20000,20000,10,80,63,0.1,False,roc_auc,1.7458281249273568,1.7458281249273568,1.7458281249273568,0.9884320998843208,0.9884320998843208,0.9884320998843208,1,1,[1.7458281249273568],[0.9884320998843209],10,,10,,200,200,sklearn main,200
main,1.10.dev0,sklearn,tiny_stumps,medium_50k_x_50,50000,50,50000,50000,4,10,4,0.5,False,roc_auc,0.0629543750546872,0.0629543750546872,0.0629543750546872,0.8653499685845599,0.8653499685845599,0.8653499685845599,1,1,[0.06295437505468726],[0.8653499685845599],10,,10,,200,200,sklearn main,200
main,1.10.dev0,sklearn,tiny_stumps,medium_50k_x_50,50000,50,50000,50000,10,10,4,0.5,False,roc_auc,0.0596447079442441,0.0596447079442441,0.0596447079442441,0.8653499685845599,0.8653499685845599,0.8653499685845599,1,1,[0.059644707944244146],[0.8653499685845599],10,,10,,200,200,sklearn main,200
main,1.10.dev0,sklearn,fast_medium,medium_50k_x_50,50000,50,50000,50000,4,30,15,0.2,False,roc_auc,0.1784789159428328,0.1784789159428328,0.1784789159428328,0.9607271583371636,0.9607271583371636,0.9607271583371636,1,1,[0.17847891594283283],[0.9607271583371635],10,,10,,200,200,sklearn main,200
main,1.10.dev0,sklearn,fast_medium,medium_50k_x_50,50000,50,50000,50000,10,30,15,0.2,False,roc_auc,0.1914866250008344,0.1914866250008344,0.1914866250008344,0.9607271583371636,0.9607271583371636,0.9607271583371636,1,1,[0.19148662500083447],[0.9607271583371635],10,,10,,200,200,sklearn main,200
main,1.10.dev0,sklearn,more_trees,medium_50k_x_50,50000,50,50000,50000,4,80,31,0.08,False,roc_auc,0.3767034579068422,0.3767034579068422,0.3767034579068422,0.9808219903693152,0.9808219903693152,0.9808219903693152,1,1,[0.37670345790684223],[0.9808219903693152],10,,10,,200,200,sklearn main,200
main,1.10.dev0,sklearn,more_trees,medium_50k_x_50,50000,50,50000,50000,10,80,31,0.08,False,roc_auc,0.5725519589614123,0.5725519589614123,0.5725519589614123,0.9808219903693152,0.9808219903693152,0.9808219903693152,1,1,[0.5725519589614123],[0.9808219903693152],10,,10,,200,200,sklearn main,200
main,1.10.dev0,sklearn,wide_boosted,medium_50k_x_50,50000,50,50000,50000,4,80,63,0.1,False,roc_auc,0.5883142498787493,0.5883142498787493,0.5883142498787493,0.9898432799837492,0.9898432799837492,0.9898432799837492,1,1,[0.5883142498787493],[0.9898432799837492],10,,10,,200,200,sklearn main,200
main,1.10.dev0,sklearn,wide_boosted,medium_50k_x_50,50000,50,50000,50000,10,80,63,0.1,False,roc_auc,1.1930413749068975,1.1930413749068975,1.1930413749068975,0.9898432799837492,0.9898432799837492,0.9898432799837492,1,1,[1.1930413749068975],[0.9898432799837492],10,,10,,200,200,sklearn main,200
main,1.10.dev0,xgboost,tiny_stumps,tiny_1k_x_10,1000,10,1000,1000,4,10,4,0.5,False,roc_auc,0.0036711250431835,0.0036711250431835,0.0036711250431835,0.9557644075186708,0.9557644075186708,0.9557644075186708,1,1,[0.003671125043183565],[0.9557644075186708],10,,10,,0,0,xgboost,0
main,1.10.dev0,lightgbm,tiny_stumps,tiny_1k_x_10,1000,10,1000,1000,4,10,4,0.5,False,roc_auc,0.0025465420912951,0.0025465420912951,0.0025465420912951,0.9557084055025982,0.9557084055025982,0.9557084055025982,1,1,[0.002546542091295123],[0.9557084055025982],10,,10,,0,0,lightgbm,0
main,1.10.dev0,catboost,tiny_stumps,tiny_1k_x_10,1000,10,1000,1000,4,10,4,0.5,False,roc_auc,0.0032864578533917,0.0032864578533917,0.0032864578533917,0.9454700369213292,0.9454700369213292,0.9454700369213292,1,1,[0.0032864578533917665],[0.9454700369213291],10,,10,,0,0,catboost,0
main,1.10.dev0,xgboost,tiny_stumps,tiny_1k_x_10,1000,10,1000,1000,10,10,4,0.5,False,roc_auc,0.0083666250575333,0.0083666250575333,0.0083666250575333,0.9557644075186708,0.9557644075186708,0.9557644075186708,1,1,[0.008366625057533383],[0.9557644075186708],10,,10,,0,0,xgboost,0
main,1.10.dev0,lightgbm,tiny_stumps,tiny_1k_x_10,1000,10,1000,1000,10,10,4,0.5,False,roc_auc,0.0065054590813815,0.0065054590813815,0.0065054590813815,0.9557084055025982,0.9557084055025982,0.9557084055025982,1,1,[0.006505459081381559],[0.9557084055025982],10,,10,,0,0,lightgbm,0
main,1.10.dev0,catboost,tiny_stumps,tiny_1k_x_10,1000,10,1000,1000,10,10,4,0.5,False,roc_auc,0.0032039592042565,0.0032039592042565,0.0032039592042565,0.9454700369213292,0.9454700369213292,0.9454700369213292,1,1,[0.0032039592042565346],[0.9454700369213291],10,,10,,0,0,catboost,0
main,1.10.dev0,xgboost,fast_medium,tiny_1k_x_10,1000,10,1000,1000,4,30,15,0.2,False,roc_auc,0.0511184581555426,0.0511184581555426,0.0511184581555426,0.9614546123660452,0.9614546123660452,0.9614546123660452,1,1,[0.05111845815554261],[0.9614546123660452],10,,10,,0,0,xgboost,0
main,1.10.dev0,lightgbm,fast_medium,tiny_1k_x_10,1000,10,1000,1000,4,30,15,0.2,False,roc_auc,0.0261302918661385,0.0261302918661385,0.0261302918661385,0.9650227408186692,0.9650227408186692,0.9650227408186692,1,1,[0.026130291866138577],[0.9650227408186693],10,,10,,0,0,lightgbm,0
main,1.10.dev0,catboost,fast_medium,tiny_1k_x_10,1000,10,1000,1000,4,30,15,0.2,False,roc_auc,0.0232466249726712,0.0232466249726712,0.0232466249726712,0.968158853718734,0.968158853718734,0.968158853718734,1,1,[0.02324662497267127],[0.9681588537187339],10,,10,,0,0,catboost,0
main,1.10.dev0,xgboost,fast_medium,tiny_1k_x_10,1000,10,1000,1000,10,30,15,0.2,False,roc_auc,0.0579973340500146,0.0579973340500146,0.0579973340500146,0.9614546123660452,0.9614546123660452,0.9614546123660452,1,1,[0.057997334050014615],[0.9614546123660452],10,,10,,0,0,xgboost,0
main,1.10.dev0,lightgbm,fast_medium,tiny_1k_x_10,1000,10,1000,1000,10,30,15,0.2,False,roc_auc,0.0599396249745041,0.0599396249745041,0.0599396249745041,0.9650227408186692,0.9650227408186692,0.9650227408186692,1,1,[0.05993962497450411],[0.9650227408186693],10,,10,,0,0,lightgbm,0
main,1.10.dev0,catboost,fast_medium,tiny_1k_x_10,1000,10,1000,1000,10,30,15,0.2,False,roc_auc,0.0258189169690012,0.0258189169690012,0.0258189169690012,0.968158853718734,0.968158853718734,0.968158853718734,1,1,[0.025818916969001293],[0.9681588537187339],10,,10,,0,0,catboost,0
main,1.10.dev0,xgboost,more_trees,tiny_1k_x_10,1000,10,1000,1000,4,80,31,0.08,False,roc_auc,0.1586623329203575,0.1586623329203575,0.1586623329203575,0.9643467164817934,0.9643467164817934,0.9643467164817934,1,1,[0.15866233292035758],[0.9643467164817934],10,,10,,0,0,xgboost,0
main,1.10.dev0,lightgbm,more_trees,tiny_1k_x_10,1000,10,1000,1000,4,80,31,0.08,False,roc_auc,0.0999244998674839,0.0999244998674839,0.0999244998674839,0.9630946714081706,0.9630946714081706,0.9630946714081706,1,1,[0.09992449986748397],[0.9630946714081706],10,,10,,0,0,lightgbm,0
main,1.10.dev0,catboost,more_trees,tiny_1k_x_10,1000,10,1000,1000,4,80,31,0.08,False,roc_auc,0.1138179581612348,0.1138179581612348,0.1138179581612348,0.9694989019604704,0.9694989019604704,0.9694989019604704,1,1,[0.11381795816123486],[0.9694989019604705],10,,10,,0,0,catboost,0
main,1.10.dev0,xgboost,more_trees,tiny_1k_x_10,1000,10,1000,1000,10,80,31,0.08,False,roc_auc,0.420919916126877,0.420919916126877,0.420919916126877,0.9643467164817934,0.9643467164817934,0.9643467164817934,1,1,[0.42091991612687707],[0.9643467164817934],10,,10,,0,0,xgboost,0
main,1.10.dev0,lightgbm,more_trees,tiny_1k_x_10,1000,10,1000,1000,10,80,31,0.08,False,roc_auc,0.2962990410160273,0.2962990410160273,0.2962990410160273,0.9630946714081706,0.9630946714081706,0.9630946714081706,1,1,[0.29629904101602733],[0.9630946714081706],10,,10,,0,0,lightgbm,0
main,1.10.dev0,catboost,more_trees,tiny_1k_x_10,1000,10,1000,1000,10,80,31,0.08,False,roc_auc,0.1216900830622762,0.1216900830622762,0.1216900830622762,0.9694989019604704,0.9694989019604704,0.9694989019604704,1,1,[0.12169008306227624],[0.9694989019604705],10,,10,,0,0,catboost,0
main,1.10.dev0,xgboost,wide_boosted,tiny_1k_x_10,1000,10,1000,1000,4,80,63,0.1,False,roc_auc,0.3155162499751895,0.3155162499751895,0.3155162499751895,0.9523002828101812,0.9523002828101812,0.9523002828101812,1,1,[0.31551624997518957],[0.9523002828101812],10,,10,,0,0,xgboost,0
main,1.10.dev0,lightgbm,wide_boosted,tiny_1k_x_10,1000,10,1000,1000,4,80,63,0.1,False,roc_auc,0.1389814999420195,0.1389814999420195,0.1389814999420195,0.9619546303666932,0.9619546303666932,0.9619546303666932,1,1,[0.13898149994201958],[0.9619546303666933],10,,10,,0,0,lightgbm,0
main,1.10.dev0,catboost,wide_boosted,tiny_1k_x_10,1000,10,1000,1000,4,80,63,0.1,False,roc_auc,0.2179368329234421,0.2179368329234421,0.2179368329234421,0.9677348384541844,0.9677348384541844,0.9677348384541844,1,1,[0.21793683292344213],[0.9677348384541844],10,,10,,0,0,catboost,0
main,1.10.dev0,xgboost,wide_boosted,tiny_1k_x_10,1000,10,1000,1000,10,80,63,0.1,False,roc_auc,0.8957091250922531,0.8957091250922531,0.8957091250922531,0.9523002828101812,0.9523002828101812,0.9523002828101812,1,1,[0.8957091250922531],[0.9523002828101812],10,,10,,0,0,xgboost,0
main,1.10.dev0,lightgbm,wide_boosted,tiny_1k_x_10,1000,10,1000,1000,10,80,63,0.1,False,roc_auc,0.4040348751004785,0.4040348751004785,0.4040348751004785,0.9619546303666932,0.9619546303666932,0.9619546303666932,1,1,[0.40403487510047853],[0.9619546303666933],10,,10,,0,0,lightgbm,0
main,1.10.dev0,catboost,wide_boosted,tiny_1k_x_10,1000,10,1000,1000,10,80,63,0.1,False,roc_auc,0.2780609999317676,0.2780609999317676,0.2780609999317676,0.9677348384541844,0.9677348384541844,0.9677348384541844,1,1,[0.2780609999317676],[0.9677348384541844],10,,10,,0,0,catboost,0
main,1.10.dev0,xgboost,tiny_stumps,small_5k_x_20,5000,20,5000,5000,4,10,4,0.5,False,roc_auc,0.006591249955818,0.006591249955818,0.006591249955818,0.89168424,0.89168424,0.89168424,1,1,[0.006591249955818057],[0.89168424],10,,10,,0,0,xgboost,0
main,1.10.dev0,lightgbm,tiny_stumps,small_5k_x_20,5000,20,5000,5000,4,10,4,0.5,False,roc_auc,0.0059382908511906,0.0059382908511906,0.0059382908511906,0.8917408800000001,0.8917408800000001,0.8917408800000001,1,1,[0.005938290851190686],[0.8917408800000001],10,,10,,0,0,lightgbm,0
main,1.10.dev0,catboost,tiny_stumps,small_5k_x_20,5000,20,5000,5000,4,10,4,0.5,False,roc_auc,0.0099906669929623,0.0099906669929623,0.0099906669929623,0.8885443999999999,0.8885443999999999,0.8885443999999999,1,1,[0.00999066699296236],[0.8885443999999999],10,,10,,0,0,catboost,0
main,1.10.dev0,xgboost,tiny_stumps,small_5k_x_20,5000,20,5000,5000,10,10,4,0.5,False,roc_auc,0.0102600420359522,0.0102600420359522,0.0102600420359522,0.89168424,0.89168424,0.89168424,1,1,[0.01026004203595221],[0.89168424],10,,10,,0,0,xgboost,0
main,1.10.dev0,lightgbm,tiny_stumps,small_5k_x_20,5000,20,5000,5000,10,10,4,0.5,False,roc_auc,0.0085112920496612,0.0085112920496612,0.0085112920496612,0.8917408800000001,0.8917408800000001,0.8917408800000001,1,1,[0.008511292049661279],[0.8917408800000001],10,,10,,0,0,lightgbm,0
main,1.10.dev0,catboost,tiny_stumps,small_5k_x_20,5000,20,5000,5000,10,10,4,0.5,False,roc_auc,0.0103931250050663,0.0103931250050663,0.0103931250050663,0.8885443999999999,0.8885443999999999,0.8885443999999999,1,1,[0.010393125005066395],[0.8885443999999999],10,,10,,0,0,catboost,0
main,1.10.dev0,xgboost,fast_medium,small_5k_x_20,5000,20,5000,5000,4,30,15,0.2,False,roc_auc,0.0453473329544067,0.0453473329544067,0.0453473329544067,0.9758761599999998,0.9758761599999998,0.9758761599999998,1,1,[0.04534733295440674],[0.9758761599999998],10,,10,,0,0,xgboost,0
main,1.10.dev0,lightgbm,fast_medium,small_5k_x_20,5000,20,5000,5000,4,30,15,0.2,False,roc_auc,0.0303019159473478,0.0303019159473478,0.0303019159473478,0.9767673600000002,0.9767673600000002,0.9767673600000002,1,1,[0.03030191594734788],[0.9767673600000002],10,,10,,0,0,lightgbm,0
main,1.10.dev0,catboost,fast_medium,small_5k_x_20,5000,20,5000,5000,4,30,15,0.2,False,roc_auc,0.0544912090990692,0.0544912090990692,0.0544912090990692,0.97687864,0.97687864,0.97687864,1,1,[0.05449120909906924],[0.97687864],10,,10,,0,0,catboost,0
main,1.10.dev0,xgboost,fast_medium,small_5k_x_20,5000,20,5000,5000,10,30,15,0.2,False,roc_auc,0.083132250001654,0.083132250001654,0.083132250001654,0.9758761599999998,0.9758761599999998,0.9758761599999998,1,1,[0.08313225000165403],[0.9758761599999998],10,,10,,0,0,xgboost,0
main,1.10.dev0,lightgbm,fast_medium,small_5k_x_20,5000,20,5000,5000,10,30,15,0.2,False,roc_auc,0.0695348749868571,0.0695348749868571,0.0695348749868571,0.9767673600000002,0.9767673600000002,0.9767673600000002,1,1,[0.06953487498685718],[0.9767673600000002],10,,10,,0,0,lightgbm,0
main,1.10.dev0,catboost,fast_medium,small_5k_x_20,5000,20,5000,5000,10,30,15,0.2,False,roc_auc,0.052681874949485,0.052681874949485,0.052681874949485,0.97687864,0.97687864,0.97687864,1,1,[0.052681874949485064],[0.97687864],10,,10,,0,0,catboost,0
main,1.10.dev0,xgboost,more_trees,small_5k_x_20,5000,20,5000,5000,4,80,31,0.08,False,roc_auc,0.1926555840764194,0.1926555840764194,0.1926555840764194,0.98638728,0.98638728,0.98638728,1,1,[0.19265558407641947],[0.9863872799999999],10,,10,,0,0,xgboost,0
main,1.10.dev0,lightgbm,more_trees,small_5k_x_20,5000,20,5000,5000,4,80,31,0.08,False,roc_auc,0.1343532078899443,0.1343532078899443,0.1343532078899443,0.9878344,0.9878344,0.9878344,1,1,[0.13435320788994431],[0.9878344],10,,10,,0,0,lightgbm,0
main,1.10.dev0,catboost,more_trees,small_5k_x_20,5000,20,5000,5000,4,80,31,0.08,False,roc_auc,0.2510139171499759,0.2510139171499759,0.2510139171499759,0.98547728,0.98547728,0.98547728,1,1,[0.2510139171499759],[0.98547728],10,,10,,0,0,catboost,0
main,1.10.dev0,xgboost,more_trees,small_5k_x_20,5000,20,5000,5000,10,80,31,0.08,False,roc_auc,0.450676207896322,0.450676207896322,0.450676207896322,0.98638728,0.98638728,0.98638728,1,1,[0.450676207896322],[0.9863872799999999],10,,10,,0,0,xgboost,0
main,1.10.dev0,lightgbm,more_trees,small_5k_x_20,5000,20,5000,5000,10,80,31,0.08,False,roc_auc,0.3534131250344217,0.3534131250344217,0.3534131250344217,0.9878344,0.9878344,0.9878344,1,1,[0.3534131250344217],[0.9878344],10,,10,,0,0,lightgbm,0
main,1.10.dev0,catboost,more_trees,small_5k_x_20,5000,20,5000,5000,10,80,31,0.08,False,roc_auc,0.2374100831802934,0.2374100831802934,0.2374100831802934,0.98547728,0.98547728,0.98547728,1,1,[0.23741008318029344],[0.98547728],10,,10,,0,0,catboost,0
main,1.10.dev0,xgboost,wide_boosted,small_5k_x_20,5000,20,5000,5000,4,80,63,0.1,False,roc_auc,0.377330457791686,0.377330457791686,0.377330457791686,0.9902336,0.9902336,0.9902336,1,1,[0.37733045779168606],[0.9902336],10,,10,,0,0,xgboost,0
main,1.10.dev0,lightgbm,wide_boosted,small_5k_x_20,5000,20,5000,5000,4,80,63,0.1,False,roc_auc,0.2544494997709989,0.2544494997709989,0.2544494997709989,0.99040528,0.99040528,0.99040528,1,1,[0.25444949977099895],[0.99040528],10,,10,,0,0,lightgbm,0
main,1.10.dev0,catboost,wide_boosted,small_5k_x_20,5000,20,5000,5000,4,80,63,0.1,False,roc_auc,0.4582709171809256,0.4582709171809256,0.4582709171809256,0.9884955199999998,0.9884955199999998,0.9884955199999998,1,1,[0.4582709171809256],[0.9884955199999998],10,,10,,0,0,catboost,0
main,1.10.dev0,xgboost,wide_boosted,small_5k_x_20,5000,20,5000,5000,10,80,63,0.1,False,roc_auc,0.8987815829459578,0.8987815829459578,0.8987815829459578,0.9902336,0.9902336,0.9902336,1,1,[0.8987815829459578],[0.9902336],10,,10,,0,0,xgboost,0
main,1.10.dev0,lightgbm,wide_boosted,small_5k_x_20,5000,20,5000,5000,10,80,63,0.1,False,roc_auc,0.682994875125587,0.682994875125587,0.682994875125587,0.99040528,0.99040528,0.99040528,1,1,[0.682994875125587],[0.99040528],10,,10,,0,0,lightgbm,0
main,1.10.dev0,catboost,wide_boosted,small_5k_x_20,5000,20,5000,5000,10,80,63,0.1,False,roc_auc,0.4522183330263942,0.4522183330263942,0.4522183330263942,0.9884955199999998,0.9884955199999998,0.9884955199999998,1,1,[0.45221833302639425],[0.9884955199999998],10,,10,,0,0,catboost,0
main,1.10.dev0,xgboost,tiny_stumps,small_wide_2k_x_128,2000,128,2000,2000,4,10,4,0.5,False,roc_auc,0.0133105420973151,0.0133105420973151,0.0133105420973151,0.8303528303528304,0.8303528303528304,0.8303528303528304,1,1,[0.013310542097315192],[0.8303528303528304],10,,10,,0,0,xgboost,0
main,1.10.dev0,lightgbm,tiny_stumps,small_wide_2k_x_128,2000,128,2000,2000,4,10,4,0.5,False,roc_auc,0.0126238330267369,0.0126238330267369,0.0126238330267369,0.8367803367803368,0.8367803367803368,0.8367803367803368,1,1,[0.012623833026736975],[0.8367803367803368],10,,10,,0,0,lightgbm,0
main,1.10.dev0,catboost,tiny_stumps,small_wide_2k_x_128,2000,128,2000,2000,4,10,4,0.5,False,roc_auc,0.0282511250115931,0.0282511250115931,0.0282511250115931,0.8122638122638123,0.8122638122638123,0.8122638122638123,1,1,[0.028251125011593103],[0.8122638122638123],10,,10,,0,0,catboost,0
main,1.10.dev0,xgboost,tiny_stumps,small_wide_2k_x_128,2000,128,2000,2000,10,10,4,0.5,False,roc_auc,0.0155081660486757,0.0155081660486757,0.0155081660486757,0.8303528303528304,0.8303528303528304,0.8303528303528304,1,1,[0.015508166048675776],[0.8303528303528304],10,,10,,0,0,xgboost,0
main,1.10.dev0,lightgbm,tiny_stumps,small_wide_2k_x_128,2000,128,2000,2000,10,10,4,0.5,False,roc_auc,0.0155533328652381,0.0155533328652381,0.0155533328652381,0.8367803367803368,0.8367803367803368,0.8367803367803368,1,1,[0.01555333286523819],[0.8367803367803368],10,,10,,0,0,lightgbm,0
main,1.10.dev0,catboost,tiny_stumps,small_wide_2k_x_128,2000,128,2000,2000,10,10,4,0.5,False,roc_auc,0.0177651660051196,0.0177651660051196,0.0177651660051196,0.8122638122638123,0.8122638122638123,0.8122638122638123,1,1,[0.01776516600511968],[0.8122638122638123],10,,10,,0,0,catboost,0
main,1.10.dev0,xgboost,fast_medium,small_wide_2k_x_128,2000,128,2000,2000,4,30,15,0.2,False,roc_auc,0.0936899590305984,0.0936899590305984,0.0936899590305984,0.9339084339084338,0.9339084339084338,0.9339084339084338,1,1,[0.0936899590305984],[0.9339084339084338],10,,10,,0,0,xgboost,0
main,1.10.dev0,lightgbm,fast_medium,small_wide_2k_x_128,2000,128,2000,2000,4,30,15,0.2,False,roc_auc,0.0517822499386966,0.0517822499386966,0.0517822499386966,0.9367219367219366,0.9367219367219366,0.9367219367219366,1,1,[0.05178224993869662],[0.9367219367219366],10,,10,,0,0,lightgbm,0
main,1.10.dev0,catboost,fast_medium,small_wide_2k_x_128,2000,128,2000,2000,4,30,15,0.2,False,roc_auc,0.2260430830065161,0.2260430830065161,0.2260430830065161,0.9070659070659072,0.9070659070659072,0.9070659070659072,1,1,[0.2260430830065161],[0.9070659070659071],10,,10,,0,0,catboost,0
main,1.10.dev0,xgboost,fast_medium,small_wide_2k_x_128,2000,128,2000,2000,10,30,15,0.2,False,roc_auc,0.1231936658732593,0.1231936658732593,0.1231936658732593,0.9339084339084338,0.9339084339084338,0.9339084339084338,1,1,[0.1231936658732593],[0.9339084339084338],10,,10,,0,0,xgboost,0
main,1.10.dev0,lightgbm,fast_medium,small_wide_2k_x_128,2000,128,2000,2000,10,30,15,0.2,False,roc_auc,0.0909535000100731,0.0909535000100731,0.0909535000100731,0.9367219367219366,0.9367219367219366,0.9367219367219366,1,1,[0.09095350001007318],[0.9367219367219366],10,,10,,0,0,lightgbm,0
main,1.10.dev0,catboost,fast_medium,small_wide_2k_x_128,2000,128,2000,2000,10,30,15,0.2,False,roc_auc,0.1756255410145968,0.1756255410145968,0.1756255410145968,0.9070659070659072,0.9070659070659072,0.9070659070659072,1,1,[0.17562554101459682],[0.9070659070659071],10,,10,,0,0,catboost,0
main,1.10.dev0,xgboost,more_trees,small_wide_2k_x_128,2000,128,2000,2000,4,80,31,0.08,False,roc_auc,0.4901934580411762,0.4901934580411762,0.4901934580411762,0.9545799545799546,0.9545799545799546,0.9545799545799546,1,1,[0.4901934580411762],[0.9545799545799546],10,,10,,0,0,xgboost,0
main,1.10.dev0,lightgbm,more_trees,small_wide_2k_x_128,2000,128,2000,2000,4,80,31,0.08,False,roc_auc,0.2390369581989944,0.2390369581989944,0.2390369581989944,0.9561499561499562,0.9561499561499562,0.9561499561499562,1,1,[0.2390369581989944],[0.9561499561499562],10,,10,,0,0,lightgbm,0
main,1.10.dev0,catboost,more_trees,small_wide_2k_x_128,2000,128,2000,2000,4,80,31,0.08,False,roc_auc,1.170050417073071,1.170050417073071,1.170050417073071,0.929052929052929,0.929052929052929,0.929052929052929,1,1,[1.170050417073071],[0.929052929052929],10,,10,,0,0,catboost,0
main,1.10.dev0,xgboost,more_trees,small_wide_2k_x_128,2000,128,2000,2000,10,80,31,0.08,False,roc_auc,0.6597257498651743,0.6597257498651743,0.6597257498651743,0.9545799545799546,0.9545799545799546,0.9545799545799546,1,1,[0.6597257498651743],[0.9545799545799546],10,,10,,0,0,xgboost,0
main,1.10.dev0,lightgbm,more_trees,small_wide_2k_x_128,2000,128,2000,2000,10,80,31,0.08,False,roc_auc,0.4248275000136345,0.4248275000136345,0.4248275000136345,0.9561499561499562,0.9561499561499562,0.9561499561499562,1,1,[0.42482750001363456],[0.9561499561499562],10,,10,,0,0,lightgbm,0
main,1.10.dev0,catboost,more_trees,small_wide_2k_x_128,2000,128,2000,2000,10,80,31,0.08,False,roc_auc,0.9057602498214692,0.9057602498214692,0.9057602498214692,0.929052929052929,0.929052929052929,0.929052929052929,1,1,[0.9057602498214692],[0.929052929052929],10,,10,,0,0,catboost,0
main,1.10.dev0,xgboost,wide_boosted,small_wide_2k_x_128,2000,128,2000,2000,4,80,63,0.1,False,roc_auc,1.0147507498040795,1.0147507498040795,1.0147507498040795,0.9505809505809506,0.9505809505809506,0.9505809505809506,1,1,[1.0147507498040795],[0.9505809505809506],10,,10,,0,0,xgboost,0
main,1.10.dev0,lightgbm,wide_boosted,small_wide_2k_x_128,2000,128,2000,2000,4,80,63,0.1,False,roc_auc,0.3564058342017233,0.3564058342017233,0.3564058342017233,0.9546359546359546,0.9546359546359546,0.9546359546359546,1,1,[0.35640583420172334],[0.9546359546359546],10,,10,,0,0,lightgbm,0
main,1.10.dev0,catboost,wide_boosted,small_wide_2k_x_128,2000,128,2000,2000,4,80,63,0.1,False,roc_auc,2.5629913341253996,2.5629913341253996,2.5629913341253996,0.9375289375289376,0.9375289375289376,0.9375289375289376,1,1,[2.5629913341253996],[0.9375289375289376],10,,10,,0,0,catboost,0
main,1.10.dev0,xgboost,wide_boosted,small_wide_2k_x_128,2000,128,2000,2000,10,80,63,0.1,False,roc_auc,1.3843738751020285,1.3843738751020285,1.3843738751020285,0.9505809505809506,0.9505809505809506,0.9505809505809506,1,1,[1.3843738751020283],[0.9505809505809506],10,,10,,0,0,xgboost,0
main,1.10.dev0,lightgbm,wide_boosted,small_wide_2k_x_128,2000,128,2000,2000,10,80,63,0.1,False,roc_auc,0.7249365411698818,0.7249365411698818,0.7249365411698818,0.9546359546359546,0.9546359546359546,0.9546359546359546,1,1,[0.7249365411698818],[0.9546359546359546],10,,10,,0,0,lightgbm,0
main,1.10.dev0,catboost,wide_boosted,small_wide_2k_x_128,2000,128,2000,2000,10,80,63,0.1,False,roc_auc,1.860312709119171,1.860312709119171,1.860312709119171,0.9375289375289376,0.9375289375289376,0.9375289375289376,1,1,[1.860312709119171],[0.9375289375289376],10,,10,,0,0,catboost,0
main,1.10.dev0,xgboost,tiny_stumps,medium_20k_x_20,20000,20,20000,20000,4,10,4,0.5,False,roc_auc,0.0182492919266223,0.0182492919266223,0.0182492919266223,0.8900662204238394,0.8900662204238394,0.8900662204238394,1,1,[0.01824929192662239],[0.8900662204238394],10,,10,,0,0,xgboost,0
main,1.10.dev0,lightgbm,tiny_stumps,medium_20k_x_20,20000,20,20000,20000,4,10,4,0.5,False,roc_auc,0.0202280420344322,0.0202280420344322,0.0202280420344322,0.9017789346404164,0.9017789346404164,0.9017789346404164,1,1,[0.020228042034432292],[0.9017789346404165],10,,10,,0,0,lightgbm,0
main,1.10.dev0,catboost,tiny_stumps,medium_20k_x_20,20000,20,20000,20000,4,10,4,0.5,False,roc_auc,0.0212117088958621,0.0212117088958621,0.0212117088958621,0.89581852749467,0.89581852749467,0.89581852749467,1,1,[0.021211708895862103],[0.89581852749467],10,,10,,0,0,catboost,0
main,1.10.dev0,xgboost,tiny_stumps,medium_20k_x_20,20000,20,20000,20000,10,10,4,0.5,False,roc_auc,0.0158659580629318,0.0158659580629318,0.0158659580629318,0.8900662204238394,0.8900662204238394,0.8900662204238394,1,1,[0.015865958062931895],[0.8900662204238394],10,,10,,0,0,xgboost,0
main,1.10.dev0,lightgbm,tiny_stumps,medium_20k_x_20,20000,20,20000,20000,10,10,4,0.5,False,roc_auc,0.0189643341582268,0.0189643341582268,0.0189643341582268,0.9017789346404164,0.9017789346404164,0.9017789346404164,1,1,[0.018964334158226848],[0.9017789346404165],10,,10,,0,0,lightgbm,0
main,1.10.dev0,catboost,tiny_stumps,medium_20k_x_20,20000,20,20000,20000,10,10,4,0.5,False,roc_auc,0.0433483750093728,0.0433483750093728,0.0433483750093728,0.89581852749467,0.89581852749467,0.89581852749467,1,1,[0.04334837500937283],[0.89581852749467],10,,10,,0,0,catboost,0
main,1.10.dev0,xgboost,fast_medium,medium_20k_x_20,20000,20,20000,20000,4,30,15,0.2,False,roc_auc,0.0520758749917149,0.0520758749917149,0.0520758749917149,0.9778010270083698,0.9778010270083698,0.9778010270083698,1,1,[0.052075874991714954],[0.9778010270083698],10,,10,,0,0,xgboost,0
main,1.10.dev0,lightgbm,fast_medium,medium_20k_x_20,20000,20,20000,20000,4,30,15,0.2,False,roc_auc,0.0427950830198824,0.0427950830198824,0.0427950830198824,0.9784497772419198,0.9784497772419198,0.9784497772419198,1,1,[0.04279508301988244],[0.9784497772419198],10,,10,,0,0,lightgbm,0
main,1.10.dev0,catboost,fast_medium,medium_20k_x_20,20000,20,20000,20000,4,30,15,0.2,False,roc_auc,0.0920337089337408,0.0920337089337408,0.0920337089337408,0.9805974330150758,0.9805974330150758,0.9805974330150758,1,1,[0.09203370893374085],[0.9805974330150758],10,,10,,0,0,catboost,0
main,1.10.dev0,xgboost,fast_medium,medium_20k_x_20,20000,20,20000,20000,10,30,15,0.2,False,roc_auc,0.0886900839395821,0.0886900839395821,0.0886900839395821,0.9778010270083698,0.9778010270083698,0.9778010270083698,1,1,[0.08869008393958211],[0.9778010270083698],10,,10,,0,0,xgboost,0
main,1.10.dev0,lightgbm,fast_medium,medium_20k_x_20,20000,20,20000,20000,10,30,15,0.2,False,roc_auc,0.081631583161652,0.081631583161652,0.081631583161652,0.9784497772419198,0.9784497772419198,0.9784497772419198,1,1,[0.08163158316165209],[0.9784497772419198],10,,10,,0,0,lightgbm,0
main,1.10.dev0,catboost,fast_medium,medium_20k_x_20,20000,20,20000,20000,10,30,15,0.2,False,roc_auc,0.1055274580139666,0.1055274580139666,0.1055274580139666,0.9805974330150758,0.9805974330150758,0.9805974330150758,1,1,[0.10552745801396668],[0.9805974330150758],10,,10,,0,0,catboost,0
main,1.10.dev0,xgboost,more_trees,medium_20k_x_20,20000,20,20000,20000,4,80,31,0.08,False,roc_auc,0.2133016251027584,0.2133016251027584,0.2133016251027584,0.9888258009772882,0.9888258009772882,0.9888258009772882,1,1,[0.2133016251027584],[0.9888258009772882],10,,10,,0,0,xgboost,0
main,1.10.dev0,lightgbm,more_trees,medium_20k_x_20,20000,20,20000,20000,4,80,31,0.08,False,roc_auc,0.1509622079320252,0.1509622079320252,0.1509622079320252,0.9890976560751562,0.9890976560751562,0.9890976560751562,1,1,[0.1509622079320252],[0.9890976560751562],10,,10,,0,0,lightgbm,0
main,1.10.dev0,catboost,more_trees,medium_20k_x_20,20000,20,20000,20000,4,80,31,0.08,False,roc_auc,0.4568212910089642,0.4568212910089642,0.4568212910089642,0.9889552360238848,0.9889552360238848,0.9889552360238848,1,1,[0.4568212910089642],[0.9889552360238849],10,,10,,0,0,catboost,0
main,1.10.dev0,xgboost,more_trees,medium_20k_x_20,20000,20,20000,20000,10,80,31,0.08,False,roc_auc,0.4645293329376727,0.4645293329376727,0.4645293329376727,0.9888258009772882,0.9888258009772882,0.9888258009772882,1,1,[0.46452933293767273],[0.9888258009772882],10,,10,,0,0,xgboost,0
main,1.10.dev0,lightgbm,more_trees,medium_20k_x_20,20000,20,20000,20000,10,80,31,0.08,False,roc_auc,0.3666491250041872,0.3666491250041872,0.3666491250041872,0.9890976560751562,0.9890976560751562,0.9890976560751562,1,1,[0.3666491250041872],[0.9890976560751562],10,,10,,0,0,lightgbm,0
main,1.10.dev0,catboost,more_trees,medium_20k_x_20,20000,20,20000,20000,10,80,31,0.08,False,roc_auc,0.5959855830296874,0.5959855830296874,0.5959855830296874,0.9889552360238848,0.9889552360238848,0.9889552360238848,1,1,[0.5959855830296874],[0.9889552360238849],10,,10,,0,0,catboost,0
main,1.10.dev0,xgboost,wide_boosted,medium_20k_x_20,20000,20,20000,20000,4,80,63,0.1,False,roc_auc,0.450591083150357,0.450591083150357,0.450591083150357,0.9915270319497316,0.9915270319497316,0.9915270319497316,1,1,[0.450591083150357],[0.9915270319497316],10,,10,,0,0,xgboost,0
main,1.10.dev0,lightgbm,wide_boosted,medium_20k_x_20,20000,20,20000,20000,4,80,63,0.1,False,roc_auc,0.2957298341207206,0.2957298341207206,0.2957298341207206,0.9911874968274988,0.9911874968274988,0.9911874968274988,1,1,[0.2957298341207206],[0.9911874968274988],10,,10,,0,0,lightgbm,0
main,1.10.dev0,catboost,wide_boosted,medium_20k_x_20,20000,20,20000,20000,4,80,63,0.1,False,roc_auc,1.0516010418068618,1.0516010418068618,1.0516010418068618,0.9907507166702582,0.9907507166702582,0.9907507166702582,1,1,[1.0516010418068618],[0.9907507166702582],10,,10,,0,0,catboost,0
main,1.10.dev0,xgboost,wide_boosted,medium_20k_x_20,20000,20,20000,20000,10,80,63,0.1,False,roc_auc,0.9671565419994296,0.9671565419994296,0.9671565419994296,0.9915270319497316,0.9915270319497316,0.9915270319497316,1,1,[0.9671565419994295],[0.9915270319497316],10,,10,,0,0,xgboost,0
main,1.10.dev0,lightgbm,wide_boosted,medium_20k_x_20,20000,20,20000,20000,10,80,63,0.1,False,roc_auc,0.6897224171552807,0.6897224171552807,0.6897224171552807,0.9911874968274988,0.9911874968274988,0.9911874968274988,1,1,[0.6897224171552807],[0.9911874968274988],10,,10,,0,0,lightgbm,0
main,1.10.dev0,catboost,wide_boosted,medium_20k_x_20,20000,20,20000,20000,10,80,63,0.1,False,roc_auc,0.6576014999300241,0.6576014999300241,0.6576014999300241,0.9907507166702582,0.9907507166702582,0.9907507166702582,1,1,[0.6576014999300241],[0.9907507166702582],10,,10,,0,0,catboost,0
main,1.10.dev0,xgboost,tiny_stumps,medium_wide_20k_x_100,20000,100,20000,20000,4,10,4,0.5,False,roc_auc,0.0855279578827321,0.0855279578827321,0.0855279578827321,0.8614842736148427,0.8614842736148427,0.8614842736148427,1,1,[0.08552795788273215],[0.8614842736148427],10,,10,,0,0,xgboost,0
main,1.10.dev0,lightgbm,tiny_stumps,medium_wide_20k_x_100,20000,100,20000,20000,4,10,4,0.5,False,roc_auc,0.0857116670813411,0.0857116670813411,0.0857116670813411,0.8600495486004954,0.8600495486004954,0.8600495486004954,1,1,[0.08571166708134115],[0.8600495486004954],10,,10,,0,0,lightgbm,0
main,1.10.dev0,catboost,tiny_stumps,medium_wide_20k_x_100,20000,100,20000,20000,4,10,4,0.5,False,roc_auc,0.0559847080148756,0.0559847080148756,0.0559847080148756,0.85776201357762,0.85776201357762,0.85776201357762,1,1,[0.05598470801487565],[0.85776201357762],10,,10,,0,0,catboost,0
main,1.10.dev0,xgboost,tiny_stumps,medium_wide_20k_x_100,20000,100,20000,20000,10,10,4,0.5,False,roc_auc,0.0434560000430792,0.0434560000430792,0.0434560000430792,0.8614842736148427,0.8614842736148427,0.8614842736148427,1,1,[0.04345600004307926],[0.8614842736148427],10,,10,,0,0,xgboost,0
main,1.10.dev0,lightgbm,tiny_stumps,medium_wide_20k_x_100,20000,100,20000,20000,10,10,4,0.5,False,roc_auc,0.0710645420476794,0.0710645420476794,0.0710645420476794,0.8600495486004954,0.8600495486004954,0.8600495486004954,1,1,[0.07106454204767942],[0.8600495486004954],10,,10,,0,0,lightgbm,0
main,1.10.dev0,catboost,tiny_stumps,medium_wide_20k_x_100,20000,100,20000,20000,10,10,4,0.5,False,roc_auc,0.0429674999322742,0.0429674999322742,0.0429674999322742,0.85776201357762,0.85776201357762,0.85776201357762,1,1,[0.04296749993227422],[0.85776201357762],10,,10,,0,0,catboost,0
main,1.10.dev0,xgboost,fast_medium,medium_wide_20k_x_100,20000,100,20000,20000,4,30,15,0.2,False,roc_auc,0.1850995409768074,0.1850995409768074,0.1850995409768074,0.9620162846201628,0.9620162846201628,0.9620162846201628,1,1,[0.18509954097680748],[0.9620162846201628],10,,10,,0,0,xgboost,0
main,1.10.dev0,lightgbm,fast_medium,medium_wide_20k_x_100,20000,100,20000,20000,4,30,15,0.2,False,roc_auc,0.1471682500559836,0.1471682500559836,0.1471682500559836,0.9618065596180656,0.9618065596180656,0.9618065596180656,1,1,[0.14716825005598366],[0.9618065596180656],10,,10,,0,0,lightgbm,0
main,1.10.dev0,catboost,fast_medium,medium_wide_20k_x_100,20000,100,20000,20000,4,30,15,0.2,False,roc_auc,0.2913997080177068,0.2913997080177068,0.2913997080177068,0.95699300956993,0.95699300956993,0.95699300956993,1,1,[0.29139970801770687],[0.95699300956993],10,,10,,0,0,catboost,0
main,1.10.dev0,xgboost,fast_medium,medium_wide_20k_x_100,20000,100,20000,20000,10,30,15,0.2,False,roc_auc,0.1908387911971658,0.1908387911971658,0.1908387911971658,0.9620162846201628,0.9620162846201628,0.9620162846201628,1,1,[0.19083879119716585],[0.9620162846201628],10,,10,,0,0,xgboost,0
main,1.10.dev0,lightgbm,fast_medium,medium_wide_20k_x_100,20000,100,20000,20000,10,30,15,0.2,False,roc_auc,0.190600958885625,0.190600958885625,0.190600958885625,0.9618065596180656,0.9618065596180656,0.9618065596180656,1,1,[0.190600958885625],[0.9618065596180656],10,,10,,0,0,lightgbm,0
main,1.10.dev0,catboost,fast_medium,medium_wide_20k_x_100,20000,100,20000,20000,10,30,15,0.2,False,roc_auc,0.2270611668936908,0.2270611668936908,0.2270611668936908,0.95699300956993,0.95699300956993,0.95699300956993,1,1,[0.22706116689369082],[0.95699300956993],10,,10,,0,0,catboost,0
main,1.10.dev0,xgboost,more_trees,medium_wide_20k_x_100,20000,100,20000,20000,4,80,31,0.08,False,roc_auc,0.7042899171356112,0.7042899171356112,0.7042899171356112,0.9812974798129748,0.9812974798129748,0.9812974798129748,1,1,[0.7042899171356112],[0.9812974798129747],10,,10,,0,0,xgboost,0
main,1.10.dev0,lightgbm,more_trees,medium_wide_20k_x_100,20000,100,20000,20000,4,80,31,0.08,False,roc_auc,0.456242874963209,0.456242874963209,0.456242874963209,0.9812250298122503,0.9812250298122503,0.9812250298122503,1,1,[0.45624287496320903],[0.9812250298122503],10,,10,,0,0,lightgbm,0
main,1.10.dev0,catboost,more_trees,medium_wide_20k_x_100,20000,100,20000,20000,4,80,31,0.08,False,roc_auc,1.3589598750695586,1.3589598750695586,1.3589598750695586,0.9767815397678152,0.9767815397678152,0.9767815397678152,1,1,[1.3589598750695586],[0.9767815397678153],10,,10,,0,0,catboost,0
main,1.10.dev0,xgboost,more_trees,medium_wide_20k_x_100,20000,100,20000,20000,10,80,31,0.08,False,roc_auc,0.8354360000230372,0.8354360000230372,0.8354360000230372,0.9812974798129748,0.9812974798129748,0.9812974798129748,1,1,[0.8354360000230372],[0.9812974798129747],10,,10,,0,0,xgboost,0
main,1.10.dev0,lightgbm,more_trees,medium_wide_20k_x_100,20000,100,20000,20000,10,80,31,0.08,False,roc_auc,0.6893361669499427,0.6893361669499427,0.6893361669499427,0.9812250298122503,0.9812250298122503,0.9812250298122503,1,1,[0.6893361669499427],[0.9812250298122503],10,,10,,0,0,lightgbm,0
main,1.10.dev0,catboost,more_trees,medium_wide_20k_x_100,20000,100,20000,20000,10,80,31,0.08,False,roc_auc,1.118474500020966,1.118474500020966,1.118474500020966,0.9767815397678152,0.9767815397678152,0.9767815397678152,1,1,[1.118474500020966],[0.9767815397678153],10,,10,,0,0,catboost,0
main,1.10.dev0,xgboost,wide_boosted,medium_wide_20k_x_100,20000,100,20000,20000,4,80,63,0.1,False,roc_auc,1.2325657499022782,1.2325657499022782,1.2325657499022782,0.9887327148873272,0.9887327148873272,0.9887327148873272,1,1,[1.2325657499022782],[0.9887327148873271],10,,10,,0,0,xgboost,0
main,1.10.dev0,lightgbm,wide_boosted,medium_wide_20k_x_100,20000,100,20000,20000,4,80,63,0.1,False,roc_auc,0.744970542145893,0.744970542145893,0.744970542145893,0.9886718498867184,0.9886718498867184,0.9886718498867184,1,1,[0.744970542145893],[0.9886718498867185],10,,10,,0,0,lightgbm,0
main,1.10.dev0,catboost,wide_boosted,medium_wide_20k_x_100,20000,100,20000,20000,4,80,63,0.1,False,roc_auc,3.00686570815742,3.00686570815742,3.00686570815742,0.9822740798227406,0.9822740798227406,0.9822740798227406,1,1,[3.00686570815742],[0.9822740798227406],10,,10,,0,0,catboost,0
main,1.10.dev0,xgboost,wide_boosted,medium_wide_20k_x_100,20000,100,20000,20000,10,80,63,0.1,False,roc_auc,1.547989415936172,1.547989415936172,1.547989415936172,0.9887327148873272,0.9887327148873272,0.9887327148873272,1,1,[1.547989415936172],[0.9887327148873271],10,,10,,0,0,xgboost,0
main,1.10.dev0,lightgbm,wide_boosted,medium_wide_20k_x_100,20000,100,20000,20000,10,80,63,0.1,False,roc_auc,1.2914241659455,1.2914241659455,1.2914241659455,0.9886718498867184,0.9886718498867184,0.9886718498867184,1,1,[1.2914241659455001],[0.9886718498867185],10,,10,,0,0,lightgbm,0
main,1.10.dev0,catboost,wide_boosted,medium_wide_20k_x_100,20000,100,20000,20000,10,80,63,0.1,False,roc_auc,2.0031829581130296,2.0031829581130296,2.0031829581130296,0.9822740798227406,0.9822740798227406,0.9822740798227406,1,1,[2.0031829581130296],[0.9822740798227406],10,,10,,0,0,catboost,0
main,1.10.dev0,xgboost,tiny_stumps,medium_50k_x_50,50000,50,50000,50000,4,10,4,0.5,False,roc_auc,0.0823737080208957,0.0823737080208957,0.0823737080208957,0.8658354197853366,0.8658354197853366,0.8658354197853366,1,1,[0.08237370802089572],[0.8658354197853366],10,,10,,0,0,xgboost,0
main,1.10.dev0,lightgbm,tiny_stumps,medium_50k_x_50,50000,50,50000,50000,4,10,4,0.5,False,roc_auc,0.1040027919225394,0.1040027919225394,0.1040027919225394,0.8652959229844734,0.8652959229844734,0.8652959229844734,1,1,[0.10400279192253947],[0.8652959229844734],10,,10,,0,0,lightgbm,0
main,1.10.dev0,catboost,tiny_stumps,medium_50k_x_50,50000,50,50000,50000,4,10,4,0.5,False,roc_auc,0.0617281659506261,0.0617281659506261,0.0617281659506261,0.8629470181807152,0.8629470181807152,0.8629470181807152,1,1,[0.061728165950626135],[0.8629470181807152],10,,10,,0,0,catboost,0
main,1.10.dev0,xgboost,tiny_stumps,medium_50k_x_50,50000,50,50000,50000,10,10,4,0.5,False,roc_auc,0.0494973750319331,0.0494973750319331,0.0494973750319331,0.8658354197853366,0.8658354197853366,0.8658354197853366,1,1,[0.04949737503193319],[0.8658354197853366],10,,10,,0,0,xgboost,0
main,1.10.dev0,lightgbm,tiny_stumps,medium_50k_x_50,50000,50,50000,50000,10,10,4,0.5,False,roc_auc,0.0795716249849647,0.0795716249849647,0.0795716249849647,0.8652959229844734,0.8652959229844734,0.8652959229844734,1,1,[0.07957162498496473],[0.8652959229844734],10,,10,,0,0,lightgbm,0
main,1.10.dev0,catboost,tiny_stumps,medium_50k_x_50,50000,50,50000,50000,10,10,4,0.5,False,roc_auc,0.0579329580068588,0.0579329580068588,0.0579329580068588,0.8629470181807152,0.8629470181807152,0.8629470181807152,1,1,[0.057932958006858826],[0.8629470181807152],10,,10,,0,0,catboost,0
main,1.10.dev0,xgboost,fast_medium,medium_50k_x_50,50000,50,50000,50000,4,30,15,0.2,False,roc_auc,0.1552558341063559,0.1552558341063559,0.1552558341063559,0.9606301615370082,0.9606301615370082,0.9606301615370082,1,1,[0.1552558341063559],[0.9606301615370082],10,,10,,0,0,xgboost,0
main,1.10.dev0,lightgbm,fast_medium,medium_50k_x_50,50000,50,50000,50000,4,30,15,0.2,False,roc_auc,0.1519949999637901,0.1519949999637901,0.1519949999637901,0.9616225375385962,0.9616225375385962,0.9616225375385962,1,1,[0.15199499996379018],[0.9616225375385962],10,,10,,0,0,lightgbm,0
main,1.10.dev0,catboost,fast_medium,medium_50k_x_50,50000,50,50000,50000,4,30,15,0.2,False,roc_auc,0.2789819170720875,0.2789819170720875,0.2789819170720875,0.9603027535364844,0.9603027535364844,0.9603027535364844,1,1,[0.2789819170720875],[0.9603027535364843],10,,10,,0,0,catboost,0
main,1.10.dev0,xgboost,fast_medium,medium_50k_x_50,50000,50,50000,50000,10,30,15,0.2,False,roc_auc,0.1818389170803129,0.1818389170803129,0.1818389170803129,0.9606301615370082,0.9606301615370082,0.9606301615370082,1,1,[0.18183891708031297],[0.9606301615370082],10,,10,,0,0,xgboost,0
main,1.10.dev0,lightgbm,fast_medium,medium_50k_x_50,50000,50,50000,50000,10,30,15,0.2,False,roc_auc,0.183926791884005,0.183926791884005,0.183926791884005,0.9616225375385962,0.9616225375385962,0.9616225375385962,1,1,[0.18392679188400507],[0.9616225375385962],10,,10,,0,0,lightgbm,0
main,1.10.dev0,catboost,fast_medium,medium_50k_x_50,50000,50,50000,50000,10,30,15,0.2,False,roc_auc,0.2308864998631179,0.2308864998631179,0.2308864998631179,0.9603027535364844,0.9603027535364844,0.9603027535364844,1,1,[0.23088649986311793],[0.9603027535364843],10,,10,,0,0,catboost,0
main,1.10.dev0,xgboost,more_trees,medium_50k_x_50,50000,50,50000,50000,4,80,31,0.08,False,roc_auc,0.6019423331599683,0.6019423331599683,0.6019423331599683,0.981513792770422,0.981513792770422,0.981513792770422,1,1,[0.6019423331599683],[0.9815137927704221],10,,10,,0,0,xgboost,0
main,1.10.dev0,lightgbm,more_trees,medium_50k_x_50,50000,50,50000,50000,4,80,31,0.08,False,roc_auc,0.6699004170950502,0.6699004170950502,0.6699004170950502,0.981058756769694,0.981058756769694,0.981058756769694,1,1,[0.6699004170950502],[0.9810587567696941],10,,10,,0,0,lightgbm,0
main,1.10.dev0,catboost,more_trees,medium_50k_x_50,50000,50,50000,50000,4,80,31,0.08,False,roc_auc,1.2072672920767218,1.2072672920767218,1.2072672920767218,0.9808205183693128,0.9808205183693128,0.9808205183693128,1,1,[1.2072672920767218],[0.9808205183693128],10,,10,,0,0,catboost,0
main,1.10.dev0,xgboost,more_trees,medium_50k_x_50,50000,50,50000,50000,10,80,31,0.08,False,roc_auc,0.7984718750230968,0.7984718750230968,0.7984718750230968,0.981513792770422,0.981513792770422,0.981513792770422,1,1,[0.7984718750230968],[0.9815137927704221],10,,10,,0,0,xgboost,0
main,1.10.dev0,lightgbm,more_trees,medium_50k_x_50,50000,50,50000,50000,10,80,31,0.08,False,roc_auc,0.6447373749688268,0.6447373749688268,0.6447373749688268,0.981058756769694,0.981058756769694,0.981058756769694,1,1,[0.6447373749688268],[0.9810587567696941],10,,10,,0,0,lightgbm,0
main,1.10.dev0,catboost,more_trees,medium_50k_x_50,50000,50,50000,50000,10,80,31,0.08,False,roc_auc,0.9802742910105736,0.9802742910105736,0.9802742910105736,0.9808205183693128,0.9808205183693128,0.9808205183693128,1,1,[0.9802742910105735],[0.9808205183693128],10,,10,,0,0,catboost,0
main,1.10.dev0,xgboost,wide_boosted,medium_50k_x_50,50000,50,50000,50000,4,80,63,0.1,False,roc_auc,0.9561828330624847,0.9561828330624847,0.9561828330624847,0.9894906623831852,0.9894906623831852,0.9894906623831852,1,1,[0.9561828330624849],[0.9894906623831852],10,,10,,0,0,xgboost,0
main,1.10.dev0,lightgbm,wide_boosted,medium_50k_x_50,50000,50,50000,50000,4,80,63,0.1,False,roc_auc,0.6309902498032898,0.6309902498032898,0.6309902498032898,0.9900180271840288,0.9900180271840288,0.9900180271840288,1,1,[0.6309902498032898],[0.9900180271840289],10,,10,,0,0,lightgbm,0
main,1.10.dev0,catboost,wide_boosted,medium_50k_x_50,50000,50,50000,50000,4,80,63,0.1,False,roc_auc,1.757229832932353,1.757229832932353,1.757229832932353,0.987376860779803,0.987376860779803,0.987376860779803,1,1,[1.757229832932353],[0.987376860779803],10,,10,,0,0,catboost,0
main,1.10.dev0,xgboost,wide_boosted,medium_50k_x_50,50000,50,50000,50000,10,80,63,0.1,False,roc_auc,1.2836400410160422,1.2836400410160422,1.2836400410160422,0.9894906623831852,0.9894906623831852,0.9894906623831852,1,1,[1.2836400410160422],[0.9894906623831852],10,,10,,0,0,xgboost,0
main,1.10.dev0,lightgbm,wide_boosted,medium_50k_x_50,50000,50,50000,50000,10,80,63,0.1,False,roc_auc,1.0359156669583172,1.0359156669583172,1.0359156669583172,0.9900180271840288,0.9900180271840288,0.9900180271840288,1,1,[1.0359156669583172],[0.9900180271840289],10,,10,,0,0,lightgbm,0
main,1.10.dev0,catboost,wide_boosted,medium_50k_x_50,50000,50,50000,50000,10,80,63,0.1,False,roc_auc,1.5345195000991223,1.5345195000991223,1.5345195000991223,0.987376860779803,0.987376860779803,0.987376860779803,1,1,[1.5345195000991225],[0.987376860779803],10,,10,,0,0,catboost,0
main,1.10.dev0,xgboost,tiny_stumps,tiny_1k_x_10,1000,10,1000,1000,4,10,4,0.5,False,roc_auc,0.008531583007425,0.008531583007425,0.008531583007425,0.9557644075186708,0.9557644075186708,0.9557644075186708,1,1,[0.00853158300742507],[0.9557644075186708],10,,10,,200,200,xgboost,200
main,1.10.dev0,lightgbm,tiny_stumps,tiny_1k_x_10,1000,10,1000,1000,4,10,4,0.5,False,roc_auc,0.0040759998373687,0.0040759998373687,0.0040759998373687,0.9557084055025982,0.9557084055025982,0.9557084055025982,1,1,[0.004075999837368727],[0.9557084055025982],10,,10,,200,200,lightgbm,200
main,1.10.dev0,catboost,tiny_stumps,tiny_1k_x_10,1000,10,1000,1000,4,10,4,0.5,False,roc_auc,0.0092368749901652,0.0092368749901652,0.0092368749901652,0.9454700369213292,0.9454700369213292,0.9454700369213292,1,1,[0.009236874990165234],[0.9454700369213291],10,,10,,200,200,catboost,200
main,1.10.dev0,xgboost,tiny_stumps,tiny_1k_x_10,1000,10,1000,1000,10,10,4,0.5,False,roc_auc,0.0025137087795883,0.0025137087795883,0.0025137087795883,0.9557644075186708,0.9557644075186708,0.9557644075186708,1,1,[0.0025137087795883417],[0.9557644075186708],10,,10,,200,200,xgboost,200
main,1.10.dev0,lightgbm,tiny_stumps,tiny_1k_x_10,1000,10,1000,1000,10,10,4,0.5,False,roc_auc,0.003177624894306,0.003177624894306,0.003177624894306,0.9557084055025982,0.9557084055025982,0.9557084055025982,1,1,[0.0031776248943060637],[0.9557084055025982],10,,10,,200,200,lightgbm,200
main,1.10.dev0,catboost,tiny_stumps,tiny_1k_x_10,1000,10,1000,1000,10,10,4,0.5,False,roc_auc,0.007324333069846,0.007324333069846,0.007324333069846,0.9454700369213292,0.9454700369213292,0.9454700369213292,1,1,[0.007324333069846034],[0.9454700369213291],10,,10,,200,200,catboost,200
main,1.10.dev0,xgboost,fast_medium,tiny_1k_x_10,1000,10,1000,1000,4,30,15,0.2,False,roc_auc,0.0203218329697847,0.0203218329697847,0.0203218329697847,0.9614546123660452,0.9614546123660452,0.9614546123660452,1,1,[0.020321832969784737],[0.9614546123660452],10,,10,,200,200,xgboost,200
main,1.10.dev0,lightgbm,fast_medium,tiny_1k_x_10,1000,10,1000,1000,4,30,15,0.2,False,roc_auc,0.0454759169369936,0.0454759169369936,0.0454759169369936,0.9650227408186692,0.9650227408186692,0.9650227408186692,1,1,[0.0454759169369936],[0.9650227408186693],10,,10,,200,200,lightgbm,200
main,1.10.dev0,catboost,fast_medium,tiny_1k_x_10,1000,10,1000,1000,4,30,15,0.2,False,roc_auc,0.048280417220667,0.048280417220667,0.048280417220667,0.968158853718734,0.968158853718734,0.968158853718734,1,1,[0.048280417220667005],[0.9681588537187339],10,,10,,200,200,catboost,200
main,1.10.dev0,xgboost,fast_medium,tiny_1k_x_10,1000,10,1000,1000,10,30,15,0.2,False,roc_auc,0.0210485830903053,0.0210485830903053,0.0210485830903053,0.9614546123660452,0.9614546123660452,0.9614546123660452,1,1,[0.02104858309030533],[0.9614546123660452],10,,10,,200,200,xgboost,200
main,1.10.dev0,lightgbm,fast_medium,tiny_1k_x_10,1000,10,1000,1000,10,30,15,0.2,False,roc_auc,0.0389245001133531,0.0389245001133531,0.0389245001133531,0.9650227408186692,0.9650227408186692,0.9650227408186692,1,1,[0.03892450011335313],[0.9650227408186693],10,,10,,200,200,lightgbm,200
main,1.10.dev0,catboost,fast_medium,tiny_1k_x_10,1000,10,1000,1000,10,30,15,0.2,False,roc_auc,0.0688682091422379,0.0688682091422379,0.0688682091422379,0.968158853718734,0.968158853718734,0.968158853718734,1,1,[0.0688682091422379],[0.9681588537187339],10,,10,,200,200,catboost,200
main,1.10.dev0,xgboost,more_trees,tiny_1k_x_10,1000,10,1000,1000,4,80,31,0.08,False,roc_auc,0.0896947090514004,0.0896947090514004,0.0896947090514004,0.9643467164817934,0.9643467164817934,0.9643467164817934,1,1,[0.08969470905140042],[0.9643467164817934],10,,10,,200,200,xgboost,200
main,1.10.dev0,lightgbm,more_trees,tiny_1k_x_10,1000,10,1000,1000,4,80,31,0.08,False,roc_auc,0.0559512909967452,0.0559512909967452,0.0559512909967452,0.9630946714081706,0.9630946714081706,0.9630946714081706,1,1,[0.05595129099674523],[0.9630946714081706],10,,10,,200,200,lightgbm,200
main,1.10.dev0,catboost,more_trees,tiny_1k_x_10,1000,10,1000,1000,4,80,31,0.08,False,roc_auc,0.1468992498703301,0.1468992498703301,0.1468992498703301,0.9694989019604704,0.9694989019604704,0.9694989019604704,1,1,[0.1468992498703301],[0.9694989019604705],10,,10,,200,200,catboost,200
main,1.10.dev0,xgboost,more_trees,tiny_1k_x_10,1000,10,1000,1000,10,80,31,0.08,False,roc_auc,0.0947318749967962,0.0947318749967962,0.0947318749967962,0.9643467164817934,0.9643467164817934,0.9643467164817934,1,1,[0.09473187499679625],[0.9643467164817934],10,,10,,200,200,xgboost,200
main,1.10.dev0,lightgbm,more_trees,tiny_1k_x_10,1000,10,1000,1000,10,80,31,0.08,False,roc_auc,0.0605807919055223,0.0605807919055223,0.0605807919055223,0.9630946714081706,0.9630946714081706,0.9630946714081706,1,1,[0.060580791905522346],[0.9630946714081706],10,,10,,200,200,lightgbm,200
main,1.10.dev0,catboost,more_trees,tiny_1k_x_10,1000,10,1000,1000,10,80,31,0.08,False,roc_auc,0.1472632079385221,0.1472632079385221,0.1472632079385221,0.9694989019604704,0.9694989019604704,0.9694989019604704,1,1,[0.1472632079385221],[0.9694989019604705],10,,10,,200,200,catboost,200
main,1.10.dev0,xgboost,wide_boosted,tiny_1k_x_10,1000,10,1000,1000,4,80,63,0.1,False,roc_auc,0.2603396668564528,0.2603396668564528,0.2603396668564528,0.9523002828101812,0.9523002828101812,0.9523002828101812,1,1,[0.2603396668564528],[0.9523002828101812],10,,10,,200,200,xgboost,200
main,1.10.dev0,lightgbm,wide_boosted,tiny_1k_x_10,1000,10,1000,1000,4,80,63,0.1,False,roc_auc,0.0327584161423146,0.0327584161423146,0.0327584161423146,0.9619546303666932,0.9619546303666932,0.9619546303666932,1,1,[0.03275841614231467],[0.9619546303666933],10,,10,,200,200,lightgbm,200
main,1.10.dev0,catboost,wide_boosted,tiny_1k_x_10,1000,10,1000,1000,4,80,63,0.1,False,roc_auc,0.2770679998211562,0.2770679998211562,0.2770679998211562,0.9677348384541844,0.9677348384541844,0.9677348384541844,1,1,[0.27706799982115626],[0.9677348384541844],10,,10,,200,200,catboost,200
main,1.10.dev0,xgboost,wide_boosted,tiny_1k_x_10,1000,10,1000,1000,10,80,63,0.1,False,roc_auc,0.1902482500299811,0.1902482500299811,0.1902482500299811,0.9523002828101812,0.9523002828101812,0.9523002828101812,1,1,[0.19024825002998114],[0.9523002828101812],10,,10,,200,200,xgboost,200
main,1.10.dev0,lightgbm,wide_boosted,tiny_1k_x_10,1000,10,1000,1000,10,80,63,0.1,False,roc_auc,0.1145335419569164,0.1145335419569164,0.1145335419569164,0.9619546303666932,0.9619546303666932,0.9619546303666932,1,1,[0.11453354195691645],[0.9619546303666933],10,,10,,200,200,lightgbm,200
main,1.10.dev0,catboost,wide_boosted,tiny_1k_x_10,1000,10,1000,1000,10,80,63,0.1,False,roc_auc,0.2878309169318527,0.2878309169318527,0.2878309169318527,0.9677348384541844,0.9677348384541844,0.9677348384541844,1,1,[0.2878309169318527],[0.9677348384541844],10,,10,,200,200,catboost,200
main,1.10.dev0,xgboost,tiny_stumps,small_5k_x_20,5000,20,5000,5000,4,10,4,0.5,False,roc_auc,0.0089512499980628,0.0089512499980628,0.0089512499980628,0.89168424,0.89168424,0.89168424,1,1,[0.008951249998062849],[0.89168424],10,,10,,200,200,xgboost,200
main,1.10.dev0,lightgbm,tiny_stumps,small_5k_x_20,5000,20,5000,5000,4,10,4,0.5,False,roc_auc,0.0073538331780582,0.0073538331780582,0.0073538331780582,0.8917408800000001,0.8917408800000001,0.8917408800000001,1,1,[0.007353833178058267],[0.8917408800000001],10,,10,,200,200,lightgbm,200
main,1.10.dev0,catboost,tiny_stumps,small_5k_x_20,5000,20,5000,5000,4,10,4,0.5,False,roc_auc,0.0231741250026971,0.0231741250026971,0.0231741250026971,0.8885443999999999,0.8885443999999999,0.8885443999999999,1,1,[0.02317412500269711],[0.8885443999999999],10,,10,,200,200,catboost,200
main,1.10.dev0,xgboost,tiny_stumps,small_5k_x_20,5000,20,5000,5000,10,10,4,0.5,False,roc_auc,0.0099891659338027,0.0099891659338027,0.0099891659338027,0.89168424,0.89168424,0.89168424,1,1,[0.009989165933802724],[0.89168424],10,,10,,200,200,xgboost,200
main,1.10.dev0,lightgbm,tiny_stumps,small_5k_x_20,5000,20,5000,5000,10,10,4,0.5,False,roc_auc,0.0065128752030432,0.0065128752030432,0.0065128752030432,0.8917408800000001,0.8917408800000001,0.8917408800000001,1,1,[0.006512875203043222],[0.8917408800000001],10,,10,,200,200,lightgbm,200
main,1.10.dev0,catboost,tiny_stumps,small_5k_x_20,5000,20,5000,5000,10,10,4,0.5,False,roc_auc,0.0340667921118438,0.0340667921118438,0.0340667921118438,0.8885443999999999,0.8885443999999999,0.8885443999999999,1,1,[0.034066792111843824],[0.8885443999999999],10,,10,,200,200,catboost,200
main,1.10.dev0,xgboost,fast_medium,small_5k_x_20,5000,20,5000,5000,4,30,15,0.2,False,roc_auc,0.0383310408797115,0.0383310408797115,0.0383310408797115,0.9758761599999998,0.9758761599999998,0.9758761599999998,1,1,[0.03833104087971151],[0.9758761599999998],10,,10,,200,200,xgboost,200
main,1.10.dev0,lightgbm,fast_medium,small_5k_x_20,5000,20,5000,5000,4,30,15,0.2,False,roc_auc,0.0265318329911679,0.0265318329911679,0.0265318329911679,0.9767673600000002,0.9767673600000002,0.9767673600000002,1,1,[0.026531832991167903],[0.9767673600000002],10,,10,,200,200,lightgbm,200
main,1.10.dev0,catboost,fast_medium,small_5k_x_20,5000,20,5000,5000,4,30,15,0.2,False,roc_auc,0.0865993329789489,0.0865993329789489,0.0865993329789489,0.97687864,0.97687864,0.97687864,1,1,[0.08659933297894895],[0.97687864],10,,10,,200,200,catboost,200
main,1.10.dev0,xgboost,fast_medium,small_5k_x_20,5000,20,5000,5000,10,30,15,0.2,False,roc_auc,0.03254708298482,0.03254708298482,0.03254708298482,0.9758761599999998,0.9758761599999998,0.9758761599999998,1,1,[0.03254708298482001],[0.9758761599999998],10,,10,,200,200,xgboost,200
main,1.10.dev0,lightgbm,fast_medium,small_5k_x_20,5000,20,5000,5000,10,30,15,0.2,False,roc_auc,0.0321917079854756,0.0321917079854756,0.0321917079854756,0.9767673600000002,0.9767673600000002,0.9767673600000002,1,1,[0.03219170798547566],[0.9767673600000002],10,,10,,200,200,lightgbm,200
main,1.10.dev0,catboost,fast_medium,small_5k_x_20,5000,20,5000,5000,10,30,15,0.2,False,roc_auc,0.0702449998352676,0.0702449998352676,0.0702449998352676,0.97687864,0.97687864,0.97687864,1,1,[0.07024499983526766],[0.97687864],10,,10,,200,200,catboost,200
main,1.10.dev0,xgboost,more_trees,small_5k_x_20,5000,20,5000,5000,4,80,31,0.08,False,roc_auc,0.1945317080244422,0.1945317080244422,0.1945317080244422,0.98638728,0.98638728,0.98638728,1,1,[0.1945317080244422],[0.9863872799999999],10,,10,,200,200,xgboost,200
main,1.10.dev0,lightgbm,more_trees,small_5k_x_20,5000,20,5000,5000,4,80,31,0.08,False,roc_auc,0.0571450830902904,0.0571450830902904,0.0571450830902904,0.9878344,0.9878344,0.9878344,1,1,[0.05714508309029043],[0.9878344],10,,10,,200,200,lightgbm,200
main,1.10.dev0,catboost,more_trees,small_5k_x_20,5000,20,5000,5000,4,80,31,0.08,False,roc_auc,0.3033175410237163,0.3033175410237163,0.3033175410237163,0.98547728,0.98547728,0.98547728,1,1,[0.30331754102371633],[0.98547728],10,,10,,200,200,catboost,200
main,1.10.dev0,xgboost,more_trees,small_5k_x_20,5000,20,5000,5000,10,80,31,0.08,False,roc_auc,0.1723446669057011,0.1723446669057011,0.1723446669057011,0.98638728,0.98638728,0.98638728,1,1,[0.17234466690570116],[0.9863872799999999],10,,10,,200,200,xgboost,200
main,1.10.dev0,lightgbm,more_trees,small_5k_x_20,5000,20,5000,5000,10,80,31,0.08,False,roc_auc,0.1603461671620607,0.1603461671620607,0.1603461671620607,0.9878344,0.9878344,0.9878344,1,1,[0.16034616716206074],[0.9878344],10,,10,,200,200,lightgbm,200
main,1.10.dev0,catboost,more_trees,small_5k_x_20,5000,20,5000,5000,10,80,31,0.08,False,roc_auc,0.3174492500256747,0.3174492500256747,0.3174492500256747,0.98547728,0.98547728,0.98547728,1,1,[0.3174492500256747],[0.98547728],10,,10,,200,200,catboost,200
main,1.10.dev0,xgboost,wide_boosted,small_5k_x_20,5000,20,5000,5000,4,80,63,0.1,False,roc_auc,0.2885782918892801,0.2885782918892801,0.2885782918892801,0.9902336,0.9902336,0.9902336,1,1,[0.2885782918892801],[0.9902336],10,,10,,200,200,xgboost,200
main,1.10.dev0,lightgbm,wide_boosted,small_5k_x_20,5000,20,5000,5000,4,80,63,0.1,False,roc_auc,0.0836777091026306,0.0836777091026306,0.0836777091026306,0.99040528,0.99040528,0.99040528,1,1,[0.08367770910263062],[0.99040528],10,,10,,200,200,lightgbm,200
main,1.10.dev0,catboost,wide_boosted,small_5k_x_20,5000,20,5000,5000,4,80,63,0.1,False,roc_auc,0.5431340001523495,0.5431340001523495,0.5431340001523495,0.9884955199999998,0.9884955199999998,0.9884955199999998,1,1,[0.5431340001523495],[0.9884955199999998],10,,10,,200,200,catboost,200
main,1.10.dev0,xgboost,wide_boosted,small_5k_x_20,5000,20,5000,5000,10,80,63,0.1,False,roc_auc,0.3909099998418242,0.3909099998418242,0.3909099998418242,0.9902336,0.9902336,0.9902336,1,1,[0.3909099998418242],[0.9902336],10,,10,,200,200,xgboost,200
main,1.10.dev0,lightgbm,wide_boosted,small_5k_x_20,5000,20,5000,5000,10,80,63,0.1,False,roc_auc,0.2745987500529736,0.2745987500529736,0.2745987500529736,0.99040528,0.99040528,0.99040528,1,1,[0.27459875005297363],[0.99040528],10,,10,,200,200,lightgbm,200
main,1.10.dev0,catboost,wide_boosted,small_5k_x_20,5000,20,5000,5000,10,80,63,0.1,False,roc_auc,0.5023687919601798,0.5023687919601798,0.5023687919601798,0.9884955199999998,0.9884955199999998,0.9884955199999998,1,1,[0.5023687919601798],[0.9884955199999998],10,,10,,200,200,catboost,200
main,1.10.dev0,xgboost,tiny_stumps,small_wide_2k_x_128,2000,128,2000,2000,4,10,4,0.5,False,roc_auc,0.022877916926518,0.022877916926518,0.022877916926518,0.8303528303528304,0.8303528303528304,0.8303528303528304,1,1,[0.022877916926518083],[0.8303528303528304],10,,10,,200,200,xgboost,200
main,1.10.dev0,lightgbm,tiny_stumps,small_wide_2k_x_128,2000,128,2000,2000,4,10,4,0.5,False,roc_auc,0.0204485000576823,0.0204485000576823,0.0204485000576823,0.8367803367803368,0.8367803367803368,0.8367803367803368,1,1,[0.020448500057682395],[0.8367803367803368],10,,10,,200,200,lightgbm,200
main,1.10.dev0,catboost,tiny_stumps,small_wide_2k_x_128,2000,128,2000,2000,4,10,4,0.5,False,roc_auc,0.0696758339181542,0.0696758339181542,0.0696758339181542,0.8122638122638123,0.8122638122638123,0.8122638122638123,1,1,[0.06967583391815424],[0.8122638122638123],10,,10,,200,200,catboost,200
main,1.10.dev0,xgboost,tiny_stumps,small_wide_2k_x_128,2000,128,2000,2000,10,10,4,0.5,False,roc_auc,0.0191812089178711,0.0191812089178711,0.0191812089178711,0.8303528303528304,0.8303528303528304,0.8303528303528304,1,1,[0.019181208917871118],[0.8303528303528304],10,,10,,200,200,xgboost,200
main,1.10.dev0,lightgbm,tiny_stumps,small_wide_2k_x_128,2000,128,2000,2000,10,10,4,0.5,False,roc_auc,0.0249126248527318,0.0249126248527318,0.0249126248527318,0.8367803367803368,0.8367803367803368,0.8367803367803368,1,1,[0.024912624852731824],[0.8367803367803368],10,,10,,200,200,lightgbm,200
main,1.10.dev0,catboost,tiny_stumps,small_wide_2k_x_128,2000,128,2000,2000,10,10,4,0.5,False,roc_auc,0.0711483750492334,0.0711483750492334,0.0711483750492334,0.8122638122638123,0.8122638122638123,0.8122638122638123,1,1,[0.07114837504923344],[0.8122638122638123],10,,10,,200,200,catboost,200
main,1.10.dev0,xgboost,fast_medium,small_wide_2k_x_128,2000,128,2000,2000,4,30,15,0.2,False,roc_auc,0.1916383749339729,0.1916383749339729,0.1916383749339729,0.9339084339084338,0.9339084339084338,0.9339084339084338,1,1,[0.19163837493397295],[0.9339084339084338],10,,10,,200,200,xgboost,200
main,1.10.dev0,lightgbm,fast_medium,small_wide_2k_x_128,2000,128,2000,2000,4,30,15,0.2,False,roc_auc,0.078092792071402,0.078092792071402,0.078092792071402,0.9367219367219366,0.9367219367219366,0.9367219367219366,1,1,[0.07809279207140207],[0.9367219367219366],10,,10,,200,200,lightgbm,200
main,1.10.dev0,catboost,fast_medium,small_wide_2k_x_128,2000,128,2000,2000,4,30,15,0.2,False,roc_auc,0.2757504589390009,0.2757504589390009,0.2757504589390009,0.9070659070659072,0.9070659070659072,0.9070659070659072,1,1,[0.27575045893900096],[0.9070659070659071],10,,10,,200,200,catboost,200
main,1.10.dev0,xgboost,fast_medium,small_wide_2k_x_128,2000,128,2000,2000,10,30,15,0.2,False,roc_auc,0.2360599590465426,0.2360599590465426,0.2360599590465426,0.9339084339084338,0.9339084339084338,0.9339084339084338,1,1,[0.23605995904654264],[0.9339084339084338],10,,10,,200,200,xgboost,200
main,1.10.dev0,lightgbm,fast_medium,small_wide_2k_x_128,2000,128,2000,2000,10,30,15,0.2,False,roc_auc,0.1032187091186642,0.1032187091186642,0.1032187091186642,0.9367219367219366,0.9367219367219366,0.9367219367219366,1,1,[0.10321870911866426],[0.9367219367219366],10,,10,,200,200,lightgbm,200
main,1.10.dev0,catboost,fast_medium,small_wide_2k_x_128,2000,128,2000,2000,10,30,15,0.2,False,roc_auc,0.1996483330149203,0.1996483330149203,0.1996483330149203,0.9070659070659072,0.9070659070659072,0.9070659070659072,1,1,[0.19964833301492035],[0.9070659070659071],10,,10,,200,200,catboost,200
main,1.10.dev0,xgboost,more_trees,small_wide_2k_x_128,2000,128,2000,2000,4,80,31,0.08,False,roc_auc,0.6738016249146312,0.6738016249146312,0.6738016249146312,0.9545799545799546,0.9545799545799546,0.9545799545799546,1,1,[0.6738016249146312],[0.9545799545799546],10,,10,,200,200,xgboost,200
main,1.10.dev0,lightgbm,more_trees,small_wide_2k_x_128,2000,128,2000,2000,4,80,31,0.08,False,roc_auc,0.2438141249585896,0.2438141249585896,0.2438141249585896,0.9561499561499562,0.9561499561499562,0.9561499561499562,1,1,[0.24381412495858967],[0.9561499561499562],10,,10,,200,200,lightgbm,200
main,1.10.dev0,catboost,more_trees,small_wide_2k_x_128,2000,128,2000,2000,4,80,31,0.08,False,roc_auc,1.3576726668979973,1.3576726668979973,1.3576726668979973,0.929052929052929,0.929052929052929,0.929052929052929,1,1,[1.3576726668979973],[0.929052929052929],10,,10,,200,200,catboost,200
main,1.10.dev0,xgboost,more_trees,small_wide_2k_x_128,2000,128,2000,2000,10,80,31,0.08,False,roc_auc,0.8725464581511915,0.8725464581511915,0.8725464581511915,0.9545799545799546,0.9545799545799546,0.9545799545799546,1,1,[0.8725464581511915],[0.9545799545799546],10,,10,,200,200,xgboost,200
main,1.10.dev0,lightgbm,more_trees,small_wide_2k_x_128,2000,128,2000,2000,10,80,31,0.08,False,roc_auc,0.3460828748065978,0.3460828748065978,0.3460828748065978,0.9561499561499562,0.9561499561499562,0.9561499561499562,1,1,[0.34608287480659783],[0.9561499561499562],10,,10,,200,200,lightgbm,200
main,1.10.dev0,catboost,more_trees,small_wide_2k_x_128,2000,128,2000,2000,10,80,31,0.08,False,roc_auc,1.0627289589028803,1.0627289589028803,1.0627289589028803,0.929052929052929,0.929052929052929,0.929052929052929,1,1,[1.0627289589028805],[0.929052929052929],10,,10,,200,200,catboost,200
main,1.10.dev0,xgboost,wide_boosted,small_wide_2k_x_128,2000,128,2000,2000,4,80,63,0.1,False,roc_auc,1.1815105839632452,1.1815105839632452,1.1815105839632452,0.9505809505809506,0.9505809505809506,0.9505809505809506,1,1,[1.1815105839632452],[0.9505809505809506],10,,10,,200,200,xgboost,200
main,1.10.dev0,lightgbm,wide_boosted,small_wide_2k_x_128,2000,128,2000,2000,4,80,63,0.1,False,roc_auc,0.3006262080743909,0.3006262080743909,0.3006262080743909,0.9546359546359546,0.9546359546359546,0.9546359546359546,1,1,[0.3006262080743909],[0.9546359546359546],10,,10,,200,200,lightgbm,200
main,1.10.dev0,catboost,wide_boosted,small_wide_2k_x_128,2000,128,2000,2000,4,80,63,0.1,False,roc_auc,3.006591459037736,3.006591459037736,3.006591459037736,0.9375289375289376,0.9375289375289376,0.9375289375289376,1,1,[3.006591459037736],[0.9375289375289376],10,,10,,200,200,catboost,200
main,1.10.dev0,xgboost,wide_boosted,small_wide_2k_x_128,2000,128,2000,2000,10,80,63,0.1,False,roc_auc,3.355543707963079,3.355543707963079,3.355543707963079,0.9505809505809506,0.9505809505809506,0.9505809505809506,1,1,[3.355543707963079],[0.9505809505809506],10,,10,,200,200,xgboost,200
main,1.10.dev0,lightgbm,wide_boosted,small_wide_2k_x_128,2000,128,2000,2000,10,80,63,0.1,False,roc_auc,0.8704393750522286,0.8704393750522286,0.8704393750522286,0.9546359546359546,0.9546359546359546,0.9546359546359546,1,1,[0.8704393750522286],[0.9546359546359546],10,,10,,200,200,lightgbm,200
main,1.10.dev0,catboost,wide_boosted,small_wide_2k_x_128,2000,128,2000,2000,10,80,63,0.1,False,roc_auc,1.989706041989848,1.989706041989848,1.989706041989848,0.9375289375289376,0.9375289375289376,0.9375289375289376,1,1,[1.989706041989848],[0.9375289375289376],10,,10,,200,200,catboost,200
main,1.10.dev0,xgboost,tiny_stumps,medium_20k_x_20,20000,20,20000,20000,4,10,4,0.5,False,roc_auc,0.0288760419934988,0.0288760419934988,0.0288760419934988,0.8900662204238394,0.8900662204238394,0.8900662204238394,1,1,[0.028876041993498802],[0.8900662204238394],10,,10,,200,200,xgboost,200
main,1.10.dev0,lightgbm,tiny_stumps,medium_20k_x_20,20000,20,20000,20000,4,10,4,0.5,False,roc_auc,0.0297744579147547,0.0297744579147547,0.0297744579147547,0.9017789346404164,0.9017789346404164,0.9017789346404164,1,1,[0.02977445791475475],[0.9017789346404165],10,,10,,200,200,lightgbm,200
main,1.10.dev0,catboost,tiny_stumps,medium_20k_x_20,20000,20,20000,20000,4,10,4,0.5,False,roc_auc,0.0529295001178979,0.0529295001178979,0.0529295001178979,0.89581852749467,0.89581852749467,0.89581852749467,1,1,[0.05292950011789799],[0.89581852749467],10,,10,,200,200,catboost,200
main,1.10.dev0,xgboost,tiny_stumps,medium_20k_x_20,20000,20,20000,20000,10,10,4,0.5,False,roc_auc,0.0501356669701635,0.0501356669701635,0.0501356669701635,0.8900662204238394,0.8900662204238394,0.8900662204238394,1,1,[0.050135666970163584],[0.8900662204238394],10,,10,,200,200,xgboost,200
main,1.10.dev0,lightgbm,tiny_stumps,medium_20k_x_20,20000,20,20000,20000,10,10,4,0.5,False,roc_auc,0.0282892920076847,0.0282892920076847,0.0282892920076847,0.9017789346404164,0.9017789346404164,0.9017789346404164,1,1,[0.028289292007684708],[0.9017789346404165],10,,10,,200,200,lightgbm,200
main,1.10.dev0,catboost,tiny_stumps,medium_20k_x_20,20000,20,20000,20000,10,10,4,0.5,False,roc_auc,0.0922522919718176,0.0922522919718176,0.0922522919718176,0.89581852749467,0.89581852749467,0.89581852749467,1,1,[0.09225229197181761],[0.89581852749467],10,,10,,200,200,catboost,200
main,1.10.dev0,xgboost,fast_medium,medium_20k_x_20,20000,20,20000,20000,4,30,15,0.2,False,roc_auc,0.1129766670055687,0.1129766670055687,0.1129766670055687,0.9778010270083698,0.9778010270083698,0.9778010270083698,1,1,[0.11297666700556874],[0.9778010270083698],10,,10,,200,200,xgboost,200
main,1.10.dev0,lightgbm,fast_medium,medium_20k_x_20,20000,20,20000,20000,4,30,15,0.2,False,roc_auc,0.0691887501161545,0.0691887501161545,0.0691887501161545,0.9784497772419198,0.9784497772419198,0.9784497772419198,1,1,[0.06918875011615455],[0.9784497772419198],10,,10,,200,200,lightgbm,200
main,1.10.dev0,catboost,fast_medium,medium_20k_x_20,20000,20,20000,20000,4,30,15,0.2,False,roc_auc,0.1298683329951018,0.1298683329951018,0.1298683329951018,0.9805974330150758,0.9805974330150758,0.9805974330150758,1,1,[0.1298683329951018],[0.9805974330150758],10,,10,,200,200,catboost,200
main,1.10.dev0,xgboost,fast_medium,medium_20k_x_20,20000,20,20000,20000,10,30,15,0.2,False,roc_auc,0.0546465830411762,0.0546465830411762,0.0546465830411762,0.9778010270083698,0.9778010270083698,0.9778010270083698,1,1,[0.0546465830411762],[0.9778010270083698],10,,10,,200,200,xgboost,200
main,1.10.dev0,lightgbm,fast_medium,medium_20k_x_20,20000,20,20000,20000,10,30,15,0.2,False,roc_auc,0.1119261670392006,0.1119261670392006,0.1119261670392006,0.9784497772419198,0.9784497772419198,0.9784497772419198,1,1,[0.11192616703920066],[0.9784497772419198],10,,10,,200,200,lightgbm,200
main,1.10.dev0,catboost,fast_medium,medium_20k_x_20,20000,20,20000,20000,10,30,15,0.2,False,roc_auc,0.1387808329891413,0.1387808329891413,0.1387808329891413,0.9805974330150758,0.9805974330150758,0.9805974330150758,1,1,[0.13878083298914135],[0.9805974330150758],10,,10,,200,200,catboost,200
main,1.10.dev0,xgboost,more_trees,medium_20k_x_20,20000,20,20000,20000,4,80,31,0.08,False,roc_auc,0.2957495842128992,0.2957495842128992,0.2957495842128992,0.9888258009772882,0.9888258009772882,0.9888258009772882,1,1,[0.2957495842128992],[0.9888258009772882],10,,10,,200,200,xgboost,200
main,1.10.dev0,lightgbm,more_trees,medium_20k_x_20,20000,20,20000,20000,4,80,31,0.08,False,roc_auc,0.0992507089395076,0.0992507089395076,0.0992507089395076,0.9890976560751562,0.9890976560751562,0.9890976560751562,1,1,[0.0992507089395076],[0.9890976560751562],10,,10,,200,200,lightgbm,200
main,1.10.dev0,catboost,more_trees,medium_20k_x_20,20000,20,20000,20000,4,80,31,0.08,False,roc_auc,0.4438411658629775,0.4438411658629775,0.4438411658629775,0.9889552360238848,0.9889552360238848,0.9889552360238848,1,1,[0.4438411658629775],[0.9889552360238849],10,,10,,200,200,catboost,200
main,1.10.dev0,xgboost,more_trees,medium_20k_x_20,20000,20,20000,20000,10,80,31,0.08,False,roc_auc,0.2194923751521855,0.2194923751521855,0.2194923751521855,0.9888258009772882,0.9888258009772882,0.9888258009772882,1,1,[0.21949237515218556],[0.9888258009772882],10,,10,,200,200,xgboost,200
main,1.10.dev0,lightgbm,more_trees,medium_20k_x_20,20000,20,20000,20000,10,80,31,0.08,False,roc_auc,0.1949752909131348,0.1949752909131348,0.1949752909131348,0.9890976560751562,0.9890976560751562,0.9890976560751562,1,1,[0.1949752909131348],[0.9890976560751562],10,,10,,200,200,lightgbm,200
main,1.10.dev0,catboost,more_trees,medium_20k_x_20,20000,20,20000,20000,10,80,31,0.08,False,roc_auc,0.4525282499380409,0.4525282499380409,0.4525282499380409,0.9889552360238848,0.9889552360238848,0.9889552360238848,1,1,[0.45252824993804097],[0.9889552360238849],10,,10,,200,200,catboost,200
main,1.10.dev0,xgboost,wide_boosted,medium_20k_x_20,20000,20,20000,20000,4,80,63,0.1,False,roc_auc,0.3871654579415917,0.3871654579415917,0.3871654579415917,0.9915270319497316,0.9915270319497316,0.9915270319497316,1,1,[0.38716545794159174],[0.9915270319497316],10,,10,,200,200,xgboost,200
main,1.10.dev0,lightgbm,wide_boosted,medium_20k_x_20,20000,20,20000,20000,4,80,63,0.1,False,roc_auc,0.1482508750632405,0.1482508750632405,0.1482508750632405,0.9911874968274988,0.9911874968274988,0.9911874968274988,1,1,[0.14825087506324053],[0.9911874968274988],10,,10,,200,200,lightgbm,200
main,1.10.dev0,catboost,wide_boosted,medium_20k_x_20,20000,20,20000,20000,4,80,63,0.1,False,roc_auc,0.6973074171692133,0.6973074171692133,0.6973074171692133,0.9907507166702582,0.9907507166702582,0.9907507166702582,1,1,[0.6973074171692133],[0.9907507166702582],10,,10,,200,200,catboost,200
main,1.10.dev0,xgboost,wide_boosted,medium_20k_x_20,20000,20,20000,20000,10,80,63,0.1,False,roc_auc,0.7923927921801805,0.7923927921801805,0.7923927921801805,0.9915270319497316,0.9915270319497316,0.9915270319497316,1,1,[0.7923927921801805],[0.9915270319497316],10,,10,,200,200,xgboost,200
main,1.10.dev0,lightgbm,wide_boosted,medium_20k_x_20,20000,20,20000,20000,10,80,63,0.1,False,roc_auc,0.5272745410911739,0.5272745410911739,0.5272745410911739,0.9911874968274988,0.9911874968274988,0.9911874968274988,1,1,[0.5272745410911739],[0.9911874968274988],10,,10,,200,200,lightgbm,200
main,1.10.dev0,catboost,wide_boosted,medium_20k_x_20,20000,20,20000,20000,10,80,63,0.1,False,roc_auc,0.692030583973974,0.692030583973974,0.692030583973974,0.9907507166702582,0.9907507166702582,0.9907507166702582,1,1,[0.692030583973974],[0.9907507166702582],10,,10,,200,200,catboost,200
main,1.10.dev0,xgboost,tiny_stumps,medium_wide_20k_x_100,20000,100,20000,20000,4,10,4,0.5,False,roc_auc,0.1001003750134259,0.1001003750134259,0.1001003750134259,0.8614842736148427,0.8614842736148427,0.8614842736148427,1,1,[0.10010037501342595],[0.8614842736148427],10,,10,,200,200,xgboost,200
main,1.10.dev0,lightgbm,tiny_stumps,medium_wide_20k_x_100,20000,100,20000,20000,4,10,4,0.5,False,roc_auc,0.1189029579982161,0.1189029579982161,0.1189029579982161,0.8600495486004954,0.8600495486004954,0.8600495486004954,1,1,[0.11890295799821615],[0.8600495486004954],10,,10,,200,200,lightgbm,200
main,1.10.dev0,catboost,tiny_stumps,medium_wide_20k_x_100,20000,100,20000,20000,4,10,4,0.5,False,roc_auc,0.0714677500072866,0.0714677500072866,0.0714677500072866,0.85776201357762,0.85776201357762,0.85776201357762,1,1,[0.07146775000728667],[0.85776201357762],10,,10,,200,200,catboost,200
main,1.10.dev0,xgboost,tiny_stumps,medium_wide_20k_x_100,20000,100,20000,20000,10,10,4,0.5,False,roc_auc,0.066991375060752,0.066991375060752,0.066991375060752,0.8614842736148427,0.8614842736148427,0.8614842736148427,1,1,[0.06699137506075203],[0.8614842736148427],10,,10,,200,200,xgboost,200
main,1.10.dev0,lightgbm,tiny_stumps,medium_wide_20k_x_100,20000,100,20000,20000,10,10,4,0.5,False,roc_auc,0.1363394998479634,0.1363394998479634,0.1363394998479634,0.8600495486004954,0.8600495486004954,0.8600495486004954,1,1,[0.13633949984796345],[0.8600495486004954],10,,10,,200,200,lightgbm,200
main,1.10.dev0,catboost,tiny_stumps,medium_wide_20k_x_100,20000,100,20000,20000,10,10,4,0.5,False,roc_auc,0.0536967089865356,0.0536967089865356,0.0536967089865356,0.85776201357762,0.85776201357762,0.85776201357762,1,1,[0.05369670898653567],[0.85776201357762],10,,10,,200,200,catboost,200
main,1.10.dev0,xgboost,fast_medium,medium_wide_20k_x_100,20000,100,20000,20000,4,30,15,0.2,False,roc_auc,0.3800092909950763,0.3800092909950763,0.3800092909950763,0.9620162846201628,0.9620162846201628,0.9620162846201628,1,1,[0.3800092909950763],[0.9620162846201628],10,,10,,200,200,xgboost,200
main,1.10.dev0,lightgbm,fast_medium,medium_wide_20k_x_100,20000,100,20000,20000,4,30,15,0.2,False,roc_auc,0.1894612498581409,0.1894612498581409,0.1894612498581409,0.9618065596180656,0.9618065596180656,0.9618065596180656,1,1,[0.18946124985814095],[0.9618065596180656],10,,10,,200,200,lightgbm,200
main,1.10.dev0,catboost,fast_medium,medium_wide_20k_x_100,20000,100,20000,20000,4,30,15,0.2,False,roc_auc,0.3462174169253558,0.3462174169253558,0.3462174169253558,0.95699300956993,0.95699300956993,0.95699300956993,1,1,[0.3462174169253558],[0.95699300956993],10,,10,,200,200,catboost,200
main,1.10.dev0,xgboost,fast_medium,medium_wide_20k_x_100,20000,100,20000,20000,10,30,15,0.2,False,roc_auc,0.3100702911615371,0.3100702911615371,0.3100702911615371,0.9620162846201628,0.9620162846201628,0.9620162846201628,1,1,[0.31007029116153717],[0.9620162846201628],10,,10,,200,200,xgboost,200
main,1.10.dev0,lightgbm,fast_medium,medium_wide_20k_x_100,20000,100,20000,20000,10,30,15,0.2,False,roc_auc,0.2642075419425964,0.2642075419425964,0.2642075419425964,0.9618065596180656,0.9618065596180656,0.9618065596180656,1,1,[0.26420754194259644],[0.9618065596180656],10,,10,,200,200,lightgbm,200
main,1.10.dev0,catboost,fast_medium,medium_wide_20k_x_100,20000,100,20000,20000,10,30,15,0.2,False,roc_auc,0.2603299170732498,0.2603299170732498,0.2603299170732498,0.95699300956993,0.95699300956993,0.95699300956993,1,1,[0.2603299170732498],[0.95699300956993],10,,10,,200,200,catboost,200
main,1.10.dev0,xgboost,more_trees,medium_wide_20k_x_100,20000,100,20000,20000,4,80,31,0.08,False,roc_auc,0.8348133331164718,0.8348133331164718,0.8348133331164718,0.9812974798129748,0.9812974798129748,0.9812974798129748,1,1,[0.8348133331164718],[0.9812974798129747],10,,10,,200,200,xgboost,200
main,1.10.dev0,lightgbm,more_trees,medium_wide_20k_x_100,20000,100,20000,20000,4,80,31,0.08,False,roc_auc,0.4347197080496698,0.4347197080496698,0.4347197080496698,0.9812250298122503,0.9812250298122503,0.9812250298122503,1,1,[0.43471970804966986],[0.9812250298122503],10,,10,,200,200,lightgbm,200
main,1.10.dev0,catboost,more_trees,medium_wide_20k_x_100,20000,100,20000,20000,4,80,31,0.08,False,roc_auc,1.3964726668782532,1.3964726668782532,1.3964726668782532,0.9767815397678152,0.9767815397678152,0.9767815397678152,1,1,[1.3964726668782532],[0.9767815397678153],10,,10,,200,200,catboost,200
main,1.10.dev0,xgboost,more_trees,medium_wide_20k_x_100,20000,100,20000,20000,10,80,31,0.08,False,roc_auc,1.589064166881144,1.589064166881144,1.589064166881144,0.9812974798129748,0.9812974798129748,0.9812974798129748,1,1,[1.589064166881144],[0.9812974798129747],10,,10,,200,200,xgboost,200
main,1.10.dev0,lightgbm,more_trees,medium_wide_20k_x_100,20000,100,20000,20000,10,80,31,0.08,False,roc_auc,1.1027074169833213,1.1027074169833213,1.1027074169833213,0.9812250298122503,0.9812250298122503,0.9812250298122503,1,1,[1.1027074169833213],[0.9812250298122503],10,,10,,200,200,lightgbm,200
main,1.10.dev0,catboost,more_trees,medium_wide_20k_x_100,20000,100,20000,20000,10,80,31,0.08,False,roc_auc,1.2799571671057492,1.2799571671057492,1.2799571671057492,0.9767815397678152,0.9767815397678152,0.9767815397678152,1,1,[1.2799571671057492],[0.9767815397678153],10,,10,,200,200,catboost,200
main,1.10.dev0,xgboost,wide_boosted,medium_wide_20k_x_100,20000,100,20000,20000,4,80,63,0.1,False,roc_auc,1.3638949589803817,1.3638949589803817,1.3638949589803817,0.9887327148873272,0.9887327148873272,0.9887327148873272,1,1,[1.3638949589803815],[0.9887327148873271],10,,10,,200,200,xgboost,200
main,1.10.dev0,lightgbm,wide_boosted,medium_wide_20k_x_100,20000,100,20000,20000,4,80,63,0.1,False,roc_auc,0.6774192079901695,0.6774192079901695,0.6774192079901695,0.9886718498867184,0.9886718498867184,0.9886718498867184,1,1,[0.6774192079901695],[0.9886718498867185],10,,10,,200,200,lightgbm,200
main,1.10.dev0,catboost,wide_boosted,medium_wide_20k_x_100,20000,100,20000,20000,4,80,63,0.1,False,roc_auc,2.751837208168581,2.751837208168581,2.751837208168581,0.9822740798227406,0.9822740798227406,0.9822740798227406,1,1,[2.751837208168581],[0.9822740798227406],10,,10,,200,200,catboost,200
main,1.10.dev0,xgboost,wide_boosted,medium_wide_20k_x_100,20000,100,20000,20000,10,80,63,0.1,False,roc_auc,2.705440207850188,2.705440207850188,2.705440207850188,0.9887327148873272,0.9887327148873272,0.9887327148873272,1,1,[2.705440207850188],[0.9887327148873271],10,,10,,200,200,xgboost,200
main,1.10.dev0,lightgbm,wide_boosted,medium_wide_20k_x_100,20000,100,20000,20000,10,80,63,0.1,False,roc_auc,1.6936025831382722,1.6936025831382722,1.6936025831382722,0.9886718498867184,0.9886718498867184,0.9886718498867184,1,1,[1.6936025831382722],[0.9886718498867185],10,,10,,200,200,lightgbm,200
main,1.10.dev0,catboost,wide_boosted,medium_wide_20k_x_100,20000,100,20000,20000,10,80,63,0.1,False,roc_auc,2.305602957960218,2.305602957960218,2.305602957960218,0.9822740798227406,0.9822740798227406,0.9822740798227406,1,1,[2.305602957960218],[0.9822740798227406],10,,10,,200,200,catboost,200
main,1.10.dev0,xgboost,tiny_stumps,medium_50k_x_50,50000,50,50000,50000,4,10,4,0.5,False,roc_auc,0.1505245000589639,0.1505245000589639,0.1505245000589639,0.8658354197853366,0.8658354197853366,0.8658354197853366,1,1,[0.1505245000589639],[0.8658354197853366],10,,10,,200,200,xgboost,200
main,1.10.dev0,lightgbm,tiny_stumps,medium_50k_x_50,50000,50,50000,50000,4,10,4,0.5,False,roc_auc,0.1441839998587966,0.1441839998587966,0.1441839998587966,0.8652959229844734,0.8652959229844734,0.8652959229844734,1,1,[0.1441839998587966],[0.8652959229844734],10,,10,,200,200,lightgbm,200
main,1.10.dev0,catboost,tiny_stumps,medium_50k_x_50,50000,50,50000,50000,4,10,4,0.5,False,roc_auc,0.0895441251341253,0.0895441251341253,0.0895441251341253,0.8629470181807152,0.8629470181807152,0.8629470181807152,1,1,[0.08954412513412535],[0.8629470181807152],10,,10,,200,200,catboost,200
main,1.10.dev0,xgboost,tiny_stumps,medium_50k_x_50,50000,50,50000,50000,10,10,4,0.5,False,roc_auc,0.1274941251613199,0.1274941251613199,0.1274941251613199,0.8658354197853366,0.8658354197853366,0.8658354197853366,1,1,[0.12749412516131997],[0.8658354197853366],10,,10,,200,200,xgboost,200
main,1.10.dev0,lightgbm,tiny_stumps,medium_50k_x_50,50000,50,50000,50000,10,10,4,0.5,False,roc_auc,0.1377623341977596,0.1377623341977596,0.1377623341977596,0.8652959229844734,0.8652959229844734,0.8652959229844734,1,1,[0.13776233419775963],[0.8652959229844734],10,,10,,200,200,lightgbm,200
main,1.10.dev0,catboost,tiny_stumps,medium_50k_x_50,50000,50,50000,50000,10,10,4,0.5,False,roc_auc,0.0809648751746863,0.0809648751746863,0.0809648751746863,0.8629470181807152,0.8629470181807152,0.8629470181807152,1,1,[0.08096487517468631],[0.8629470181807152],10,,10,,200,200,catboost,200
main,1.10.dev0,xgboost,fast_medium,medium_50k_x_50,50000,50,50000,50000,4,30,15,0.2,False,roc_auc,0.380352082895115,0.380352082895115,0.380352082895115,0.9606301615370082,0.9606301615370082,0.9606301615370082,1,1,[0.380352082895115],[0.9606301615370082],10,,10,,200,200,xgboost,200
main,1.10.dev0,lightgbm,fast_medium,medium_50k_x_50,50000,50,50000,50000,4,30,15,0.2,False,roc_auc,0.2157915420830249,0.2157915420830249,0.2157915420830249,0.9616225375385962,0.9616225375385962,0.9616225375385962,1,1,[0.21579154208302498],[0.9616225375385962],10,,10,,200,200,lightgbm,200
main,1.10.dev0,catboost,fast_medium,medium_50k_x_50,50000,50,50000,50000,4,30,15,0.2,False,roc_auc,0.3475607079453766,0.3475607079453766,0.3475607079453766,0.9603027535364844,0.9603027535364844,0.9603027535364844,1,1,[0.34756070794537663],[0.9603027535364843],10,,10,,200,200,catboost,200
main,1.10.dev0,xgboost,fast_medium,medium_50k_x_50,50000,50,50000,50000,10,30,15,0.2,False,roc_auc,0.205708916997537,0.205708916997537,0.205708916997537,0.9606301615370082,0.9606301615370082,0.9606301615370082,1,1,[0.20570891699753702],[0.9606301615370082],10,,10,,200,200,xgboost,200
main,1.10.dev0,lightgbm,fast_medium,medium_50k_x_50,50000,50,50000,50000,10,30,15,0.2,False,roc_auc,0.2740749581716954,0.2740749581716954,0.2740749581716954,0.9616225375385962,0.9616225375385962,0.9616225375385962,1,1,[0.27407495817169547],[0.9616225375385962],10,,10,,200,200,lightgbm,200
main,1.10.dev0,catboost,fast_medium,medium_50k_x_50,50000,50,50000,50000,10,30,15,0.2,False,roc_auc,0.2727713331114501,0.2727713331114501,0.2727713331114501,0.9603027535364844,0.9603027535364844,0.9603027535364844,1,1,[0.2727713331114501],[0.9603027535364843],10,,10,,200,200,catboost,200
main,1.10.dev0,xgboost,more_trees,medium_50k_x_50,50000,50,50000,50000,4,80,31,0.08,False,roc_auc,0.7509553339332342,0.7509553339332342,0.7509553339332342,0.981513792770422,0.981513792770422,0.981513792770422,1,1,[0.7509553339332342],[0.9815137927704221],10,,10,,200,200,xgboost,200
main,1.10.dev0,lightgbm,more_trees,medium_50k_x_50,50000,50,50000,50000,4,80,31,0.08,False,roc_auc,0.4178147499915212,0.4178147499915212,0.4178147499915212,0.981058756769694,0.981058756769694,0.981058756769694,1,1,[0.41781474999152124],[0.9810587567696941],10,,10,,200,200,lightgbm,200
main,1.10.dev0,catboost,more_trees,medium_50k_x_50,50000,50,50000,50000,4,80,31,0.08,False,roc_auc,1.1465679588727653,1.1465679588727653,1.1465679588727653,0.9808205183693128,0.9808205183693128,0.9808205183693128,1,1,[1.1465679588727653],[0.9808205183693128],10,,10,,200,200,catboost,200
main,1.10.dev0,xgboost,more_trees,medium_50k_x_50,50000,50,50000,50000,10,80,31,0.08,False,roc_auc,1.2589144590310752,1.2589144590310752,1.2589144590310752,0.981513792770422,0.981513792770422,0.981513792770422,1,1,[1.2589144590310752],[0.9815137927704221],10,,10,,200,200,xgboost,200
main,1.10.dev0,lightgbm,more_trees,medium_50k_x_50,50000,50,50000,50000,10,80,31,0.08,False,roc_auc,0.9101118328981102,0.9101118328981102,0.9101118328981102,0.981058756769694,0.981058756769694,0.981058756769694,1,1,[0.9101118328981102],[0.9810587567696941],10,,10,,200,200,lightgbm,200
main,1.10.dev0,catboost,more_trees,medium_50k_x_50,50000,50,50000,50000,10,80,31,0.08,False,roc_auc,1.1764696249738336,1.1764696249738336,1.1764696249738336,0.9808205183693128,0.9808205183693128,0.9808205183693128,1,1,[1.1764696249738336],[0.9808205183693128],10,,10,,200,200,catboost,200
main,1.10.dev0,xgboost,wide_boosted,medium_50k_x_50,50000,50,50000,50000,4,80,63,0.1,False,roc_auc,1.1176947080530226,1.1176947080530226,1.1176947080530226,0.9894906623831852,0.9894906623831852,0.9894906623831852,1,1,[1.1176947080530226],[0.9894906623831852],10,,10,,200,200,xgboost,200
main,1.10.dev0,lightgbm,wide_boosted,medium_50k_x_50,50000,50,50000,50000,4,80,63,0.1,False,roc_auc,0.556941790971905,0.556941790971905,0.556941790971905,0.9900180271840288,0.9900180271840288,0.9900180271840288,1,1,[0.556941790971905],[0.9900180271840289],10,,10,,200,200,lightgbm,200
main,1.10.dev0,catboost,wide_boosted,medium_50k_x_50,50000,50,50000,50000,4,80,63,0.1,False,roc_auc,1.897895040921867,1.897895040921867,1.897895040921867,0.987376860779803,0.987376860779803,0.987376860779803,1,1,[1.897895040921867],[0.987376860779803],10,,10,,200,200,catboost,200
main,1.10.dev0,xgboost,wide_boosted,medium_50k_x_50,50000,50,50000,50000,10,80,63,0.1,False,roc_auc,2.023629541043192,2.023629541043192,2.023629541043192,0.9894906623831852,0.9894906623831852,0.9894906623831852,1,1,[2.023629541043192],[0.9894906623831852],10,,10,,200,200,xgboost,200
main,1.10.dev0,lightgbm,wide_boosted,medium_50k_x_50,50000,50,50000,50000,10,80,63,0.1,False,roc_auc,1.2925046670716256,1.2925046670716256,1.2925046670716256,0.9900180271840288,0.9900180271840288,0.9900180271840288,1,1,[1.2925046670716256],[0.9900180271840289],10,,10,,200,200,lightgbm,200
main,1.10.dev0,catboost,wide_boosted,medium_50k_x_50,50000,50,50000,50000,10,80,63,0.1,False,roc_auc,1.6647665828932077,1.6647665828932077,1.6647665828932077,0.987376860779803,0.987376860779803,0.987376860779803,1,1,[1.6647665828932077],[0.987376860779803],10,,10,,200,200,catboost,200
pr34935,1.10.dev0,sklearn,tiny_stumps,tiny_1k_x_10,1000,10,1000,1000,4,10,4,0.5,False,roc_auc,0.0058402910362929,0.0058402910362929,0.0058402910362929,0.9522102795700644,0.9522102795700644,0.9522102795700644,1,1,[0.005840291036292911],[0.9522102795700644],10,,10,,0,0,sklearn pr34935,0
pr34935,1.10.dev0,sklearn,tiny_stumps,tiny_1k_x_10,1000,10,1000,1000,10,10,4,0.5,False,roc_auc,0.0064425840973854,0.0064425840973854,0.0064425840973854,0.9522102795700644,0.9522102795700644,0.9522102795700644,1,1,[0.0064425840973854065],[0.9522102795700644],10,,10,,0,0,sklearn pr34935,0
pr34935,1.10.dev0,sklearn,fast_medium,tiny_1k_x_10,1000,10,1000,1000,4,30,15,0.2,False,roc_auc,0.0160668329335749,0.0160668329335749,0.0160668329335749,0.9641947110095964,0.9641947110095964,0.9641947110095964,1,1,[0.016066832933574915],[0.9641947110095963],10,,10,,0,0,sklearn pr34935,0
pr34935,1.10.dev0,sklearn,fast_medium,tiny_1k_x_10,1000,10,1000,1000,10,30,15,0.2,False,roc_auc,0.0146217499859631,0.0146217499859631,0.0146217499859631,0.9641947110095964,0.9641947110095964,0.9641947110095964,1,1,[0.014621749985963106],[0.9641947110095963],10,,10,,0,0,sklearn pr34935,0
pr34935,1.10.dev0,sklearn,more_trees,tiny_1k_x_10,1000,10,1000,1000,4,80,31,0.08,False,roc_auc,0.048032792052254,0.048032792052254,0.048032792052254,0.9632906784644246,0.9632906784644246,0.9632906784644246,1,1,[0.04803279205225408],[0.9632906784644246],10,,10,,0,0,sklearn pr34935,0
pr34935,1.10.dev0,sklearn,more_trees,tiny_1k_x_10,1000,10,1000,1000,10,80,31,0.08,False,roc_auc,0.0474683328066021,0.0474683328066021,0.0474683328066021,0.9632906784644246,0.9632906784644246,0.9632906784644246,1,1,[0.04746833280660212],[0.9632906784644246],10,,10,,0,0,sklearn pr34935,0
pr34935,1.10.dev0,sklearn,wide_boosted,tiny_1k_x_10,1000,10,1000,1000,4,80,63,0.1,False,roc_auc,0.0580291249789297,0.0580291249789297,0.0580291249789297,0.9642827141777104,0.9642827141777104,0.9642827141777104,1,1,[0.05802912497892976],[0.9642827141777104],10,,10,,0,0,sklearn pr34935,0
pr34935,1.10.dev0,sklearn,wide_boosted,tiny_1k_x_10,1000,10,1000,1000,10,80,63,0.1,False,roc_auc,0.0607570421416312,0.0607570421416312,0.0607570421416312,0.9642827141777104,0.9642827141777104,0.9642827141777104,1,1,[0.060757042141631246],[0.9642827141777104],10,,10,,0,0,sklearn pr34935,0
pr34935,1.10.dev0,sklearn,tiny_stumps,small_5k_x_20,5000,20,5000,5000,4,10,4,0.5,False,roc_auc,0.0140639168675988,0.0140639168675988,0.0140639168675988,0.88672744,0.88672744,0.88672744,1,1,[0.014063916867598891],[0.88672744],10,,10,,0,0,sklearn pr34935,0
pr34935,1.10.dev0,sklearn,tiny_stumps,small_5k_x_20,5000,20,5000,5000,10,10,4,0.5,False,roc_auc,0.0119670000858604,0.0119670000858604,0.0119670000858604,0.88672744,0.88672744,0.88672744,1,1,[0.01196700008586049],[0.88672744],10,,10,,0,0,sklearn pr34935,0
pr34935,1.10.dev0,sklearn,fast_medium,small_5k_x_20,5000,20,5000,5000,4,30,15,0.2,False,roc_auc,0.0379931249190121,0.0379931249190121,0.0379931249190121,0.9744888,0.9744888,0.9744888,1,1,[0.03799312491901219],[0.9744888],10,,10,,0,0,sklearn pr34935,0
pr34935,1.10.dev0,sklearn,fast_medium,small_5k_x_20,5000,20,5000,5000,10,30,15,0.2,False,roc_auc,0.039228375069797,0.039228375069797,0.039228375069797,0.9744888,0.9744888,0.9744888,1,1,[0.03922837506979704],[0.9744888],10,,10,,0,0,sklearn pr34935,0
pr34935,1.10.dev0,sklearn,more_trees,small_5k_x_20,5000,20,5000,5000,4,80,31,0.08,False,roc_auc,0.1538553750142455,0.1538553750142455,0.1538553750142455,0.98628224,0.98628224,0.98628224,1,1,[0.1538553750142455],[0.9862822400000001],10,,10,,0,0,sklearn pr34935,0
pr34935,1.10.dev0,sklearn,more_trees,small_5k_x_20,5000,20,5000,5000,10,80,31,0.08,False,roc_auc,0.1544604580849409,0.1544604580849409,0.1544604580849409,0.98628224,0.98628224,0.98628224,1,1,[0.1544604580849409],[0.9862822400000001],10,,10,,0,0,sklearn pr34935,0
pr34935,1.10.dev0,sklearn,wide_boosted,small_5k_x_20,5000,20,5000,5000,4,80,63,0.1,False,roc_auc,0.2425909170415252,0.2425909170415252,0.2425909170415252,0.990036,0.990036,0.990036,1,1,[0.24259091704152524],[0.990036],10,,10,,0,0,sklearn pr34935,0
pr34935,1.10.dev0,sklearn,wide_boosted,small_5k_x_20,5000,20,5000,5000,10,80,63,0.1,False,roc_auc,0.2409939169883728,0.2409939169883728,0.2409939169883728,0.990036,0.990036,0.990036,1,1,[0.2409939169883728],[0.990036],10,,10,,0,0,sklearn pr34935,0
pr34935,1.10.dev0,sklearn,tiny_stumps,small_wide_2k_x_128,2000,128,2000,2000,4,10,4,0.5,False,roc_auc,0.0382147498894482,0.0382147498894482,0.0382147498894482,0.8353968353968353,0.8353968353968353,0.8353968353968353,1,1,[0.038214749889448285],[0.8353968353968353],10,,10,,0,0,sklearn pr34935,0
pr34935,1.10.dev0,sklearn,tiny_stumps,small_wide_2k_x_128,2000,128,2000,2000,10,10,4,0.5,False,roc_auc,0.0390005419030785,0.0390005419030785,0.0390005419030785,0.8353968353968353,0.8353968353968353,0.8353968353968353,1,1,[0.039000541903078556],[0.8353968353968353],10,,10,,0,0,sklearn pr34935,0
pr34935,1.10.dev0,sklearn,fast_medium,small_wide_2k_x_128,2000,128,2000,2000,4,30,15,0.2,False,roc_auc,0.1545333340764045,0.1545333340764045,0.1545333340764045,0.938914938914939,0.938914938914939,0.938914938914939,1,1,[0.15453333407640457],[0.938914938914939],10,,10,,0,0,sklearn pr34935,0
pr34935,1.10.dev0,sklearn,fast_medium,small_wide_2k_x_128,2000,128,2000,2000,10,30,15,0.2,False,roc_auc,0.1326833751518279,0.1326833751518279,0.1326833751518279,0.938914938914939,0.938914938914939,0.938914938914939,1,1,[0.13268337515182793],[0.938914938914939],10,,10,,0,0,sklearn pr34935,0
pr34935,1.10.dev0,sklearn,more_trees,small_wide_2k_x_128,2000,128,2000,2000,4,80,31,0.08,False,roc_auc,0.4594554167706519,0.4594554167706519,0.4594554167706519,0.953999953999954,0.953999953999954,0.953999953999954,1,1,[0.45945541677065194],[0.953999953999954],10,,10,,0,0,sklearn pr34935,0
pr34935,1.10.dev0,sklearn,more_trees,small_wide_2k_x_128,2000,128,2000,2000,10,80,31,0.08,False,roc_auc,0.474473999813199,0.474473999813199,0.474473999813199,0.953999953999954,0.953999953999954,0.953999953999954,1,1,[0.47447399981319904],[0.953999953999954],10,,10,,0,0,sklearn pr34935,0
pr34935,1.10.dev0,sklearn,wide_boosted,small_wide_2k_x_128,2000,128,2000,2000,4,80,63,0.1,False,roc_auc,0.6453527079429477,0.6453527079429477,0.6453527079429477,0.9550739550739552,0.9550739550739552,0.9550739550739552,1,1,[0.6453527079429477],[0.9550739550739551],10,,10,,0,0,sklearn pr34935,0
pr34935,1.10.dev0,sklearn,wide_boosted,small_wide_2k_x_128,2000,128,2000,2000,10,80,63,0.1,False,roc_auc,0.6372602910269052,0.6372602910269052,0.6372602910269052,0.9550739550739552,0.9550739550739552,0.9550739550739552,1,1,[0.6372602910269052],[0.9550739550739551],10,,10,,0,0,sklearn pr34935,0
pr34935,1.10.dev0,sklearn,tiny_stumps,medium_20k_x_20,20000,20,20000,20000,4,10,4,0.5,False,roc_auc,0.0224487918894737,0.0224487918894737,0.0224487918894737,0.889630300266908,0.889630300266908,0.889630300266908,1,1,[0.022448791889473796],[0.889630300266908],10,,10,,0,0,sklearn pr34935,0
pr34935,1.10.dev0,sklearn,tiny_stumps,medium_20k_x_20,20000,20,20000,20000,10,10,4,0.5,False,roc_auc,0.0258222920820117,0.0258222920820117,0.0258222920820117,0.889630300266908,0.889630300266908,0.889630300266908,1,1,[0.0258222920820117],[0.889630300266908],10,,10,,0,0,sklearn pr34935,0
pr34935,1.10.dev0,sklearn,fast_medium,medium_20k_x_20,20000,20,20000,20000,4,30,15,0.2,False,roc_auc,0.0630731668788939,0.0630731668788939,0.0630731668788939,0.9790080074428829,0.9790080074428829,0.9790080074428829,1,1,[0.06307316687889397],[0.9790080074428827],10,,10,,0,0,sklearn pr34935,0
pr34935,1.10.dev0,sklearn,fast_medium,medium_20k_x_20,20000,20,20000,20000,10,30,15,0.2,False,roc_auc,0.0667972080409526,0.0667972080409526,0.0667972080409526,0.9790080074428829,0.9790080074428829,0.9790080074428829,1,1,[0.06679720804095268],[0.9790080074428827],10,,10,,0,0,sklearn pr34935,0
pr34935,1.10.dev0,sklearn,more_trees,medium_20k_x_20,20000,20,20000,20000,4,80,31,0.08,False,roc_auc,0.2132811669725924,0.2132811669725924,0.2132811669725924,0.9884924358572766,0.9884924358572766,0.9884924358572766,1,1,[0.21328116697259247],[0.9884924358572766],10,,10,,0,0,sklearn pr34935,0
pr34935,1.10.dev0,sklearn,more_trees,medium_20k_x_20,20000,20,20000,20000,10,80,31,0.08,False,roc_auc,0.2600173749960959,0.2600173749960959,0.2600173749960959,0.9884924358572766,0.9884924358572766,0.9884924358572766,1,1,[0.2600173749960959],[0.9884924358572766],10,,10,,0,0,sklearn pr34935,0
pr34935,1.10.dev0,sklearn,wide_boosted,medium_20k_x_20,20000,20,20000,20000,4,80,63,0.1,False,roc_auc,0.3595062920358032,0.3595062920358032,0.3595062920358032,0.9913481868853474,0.9913481868853474,0.9913481868853474,1,1,[0.3595062920358032],[0.9913481868853474],10,,10,,0,0,sklearn pr34935,0
pr34935,1.10.dev0,sklearn,wide_boosted,medium_20k_x_20,20000,20,20000,20000,10,80,63,0.1,False,roc_auc,0.7268421659246087,0.7268421659246087,0.7268421659246087,0.9913481868853474,0.9913481868853474,0.9913481868853474,1,1,[0.7268421659246087],[0.9913481868853474],10,,10,,0,0,sklearn pr34935,0
pr34935,1.10.dev0,sklearn,tiny_stumps,medium_wide_20k_x_100,20000,100,20000,20000,4,10,4,0.5,False,roc_auc,0.1146866660565137,0.1146866660565137,0.1146866660565137,0.8611258586112587,0.8611258586112587,0.8611258586112587,1,1,[0.11468666605651379],[0.8611258586112587],10,,10,,0,0,sklearn pr34935,0
pr34935,1.10.dev0,sklearn,tiny_stumps,medium_wide_20k_x_100,20000,100,20000,20000,10,10,4,0.5,False,roc_auc,0.1066855408716946,0.1066855408716946,0.1066855408716946,0.8611258586112587,0.8611258586112587,0.8611258586112587,1,1,[0.10668554087169468],[0.8611258586112587],10,,10,,0,0,sklearn pr34935,0
pr34935,1.10.dev0,sklearn,fast_medium,medium_wide_20k_x_100,20000,100,20000,20000,4,30,15,0.2,False,roc_auc,0.2787091659847647,0.2787091659847647,0.2787091659847647,0.962254899622549,0.962254899622549,0.962254899622549,1,1,[0.2787091659847647],[0.962254899622549],10,,10,,0,0,sklearn pr34935,0
pr34935,1.10.dev0,sklearn,fast_medium,medium_wide_20k_x_100,20000,100,20000,20000,10,30,15,0.2,False,roc_auc,0.2888505838345736,0.2888505838345736,0.2888505838345736,0.962254899622549,0.962254899622549,0.962254899622549,1,1,[0.2888505838345736],[0.962254899622549],10,,10,,0,0,sklearn pr34935,0
pr34935,1.10.dev0,sklearn,more_trees,medium_wide_20k_x_100,20000,100,20000,20000,4,80,31,0.08,False,roc_auc,0.8692697498481721,0.8692697498481721,0.8692697498481721,0.9810980398109804,0.9810980398109804,0.9810980398109804,1,1,[0.8692697498481721],[0.9810980398109803],10,,10,,0,0,sklearn pr34935,0
pr34935,1.10.dev0,sklearn,more_trees,medium_wide_20k_x_100,20000,100,20000,20000,10,80,31,0.08,False,roc_auc,0.9031040831469,0.9031040831469,0.9031040831469,0.9810980398109804,0.9810980398109804,0.9810980398109804,1,1,[0.9031040831468999],[0.9810980398109803],10,,10,,0,0,sklearn pr34935,0
pr34935,1.10.dev0,sklearn,wide_boosted,medium_wide_20k_x_100,20000,100,20000,20000,4,80,63,0.1,False,roc_auc,1.4837382920086384,1.4837382920086384,1.4837382920086384,0.9884320998843208,0.9884320998843208,0.9884320998843208,1,1,[1.4837382920086384],[0.9884320998843209],10,,10,,0,0,sklearn pr34935,0
pr34935,1.10.dev0,sklearn,wide_boosted,medium_wide_20k_x_100,20000,100,20000,20000,10,80,63,0.1,False,roc_auc,1.4797688338439912,1.4797688338439912,1.4797688338439912,0.9884320998843208,0.9884320998843208,0.9884320998843208,1,1,[1.4797688338439912],[0.9884320998843209],10,,10,,0,0,sklearn pr34935,0
pr34935,1.10.dev0,sklearn,tiny_stumps,medium_50k_x_50,50000,50,50000,50000,4,10,4,0.5,False,roc_auc,0.0895024160854518,0.0895024160854518,0.0895024160854518,0.8653499685845599,0.8653499685845599,0.8653499685845599,1,1,[0.08950241608545184],[0.8653499685845599],10,,10,,0,0,sklearn pr34935,0
pr34935,1.10.dev0,sklearn,tiny_stumps,medium_50k_x_50,50000,50,50000,50000,10,10,4,0.5,False,roc_auc,0.0806671669706702,0.0806671669706702,0.0806671669706702,0.8653499685845599,0.8653499685845599,0.8653499685845599,1,1,[0.08066716697067022],[0.8653499685845599],10,,10,,0,0,sklearn pr34935,0
pr34935,1.10.dev0,sklearn,fast_medium,medium_50k_x_50,50000,50,50000,50000,4,30,15,0.2,False,roc_auc,0.2075197920203209,0.2075197920203209,0.2075197920203209,0.9607271583371636,0.9607271583371636,0.9607271583371636,1,1,[0.2075197920203209],[0.9607271583371635],10,,10,,0,0,sklearn pr34935,0
pr34935,1.10.dev0,sklearn,fast_medium,medium_50k_x_50,50000,50,50000,50000,10,30,15,0.2,False,roc_auc,0.2145191670861095,0.2145191670861095,0.2145191670861095,0.9607271583371636,0.9607271583371636,0.9607271583371636,1,1,[0.21451916708610952],[0.9607271583371635],10,,10,,0,0,sklearn pr34935,0
pr34935,1.10.dev0,sklearn,more_trees,medium_50k_x_50,50000,50,50000,50000,4,80,31,0.08,False,roc_auc,0.8760951249860227,0.8760951249860227,0.8760951249860227,0.9808219903693152,0.9808219903693152,0.9808219903693152,1,1,[0.8760951249860227],[0.9808219903693152],10,,10,,0,0,sklearn pr34935,0
pr34935,1.10.dev0,sklearn,more_trees,medium_50k_x_50,50000,50,50000,50000,10,80,31,0.08,False,roc_auc,0.8535200420301408,0.8535200420301408,0.8535200420301408,0.9808219903693152,0.9808219903693152,0.9808219903693152,1,1,[0.8535200420301408],[0.9808219903693152],10,,10,,0,0,sklearn pr34935,0
pr34935,1.10.dev0,sklearn,wide_boosted,medium_50k_x_50,50000,50,50000,50000,4,80,63,0.1,False,roc_auc,1.3401352500077337,1.3401352500077337,1.3401352500077337,0.9898432799837492,0.9898432799837492,0.9898432799837492,1,1,[1.3401352500077337],[0.9898432799837492],10,,10,,0,0,sklearn pr34935,0
pr34935,1.10.dev0,sklearn,wide_boosted,medium_50k_x_50,50000,50,50000,50000,10,80,63,0.1,False,roc_auc,1.4222761658020318,1.4222761658020318,1.4222761658020318,0.9898432799837492,0.9898432799837492,0.9898432799837492,1,1,[1.4222761658020318],[0.9898432799837492],10,,10,,0,0,sklearn pr34935,0
pr34935,1.10.dev0,sklearn,tiny_stumps,tiny_1k_x_10,1000,10,1000,1000,4,10,4,0.5,False,roc_auc,0.0054374581668525,0.0054374581668525,0.0054374581668525,0.9522102795700644,0.9522102795700644,0.9522102795700644,1,1,[0.005437458166852593],[0.9522102795700644],10,,10,,200,200,sklearn pr34935,200
pr34935,1.10.dev0,sklearn,tiny_stumps,tiny_1k_x_10,1000,10,1000,1000,10,10,4,0.5,False,roc_auc,0.0104186669923365,0.0104186669923365,0.0104186669923365,0.9522102795700644,0.9522102795700644,0.9522102795700644,1,1,[0.010418666992336512],[0.9522102795700644],10,,10,,200,200,sklearn pr34935,200
pr34935,1.10.dev0,sklearn,fast_medium,tiny_1k_x_10,1000,10,1000,1000,4,30,15,0.2,False,roc_auc,0.0299388749990612,0.0299388749990612,0.0299388749990612,0.9641947110095964,0.9641947110095964,0.9641947110095964,1,1,[0.029938874999061227],[0.9641947110095963],10,,10,,200,200,sklearn pr34935,200
pr34935,1.10.dev0,sklearn,fast_medium,tiny_1k_x_10,1000,10,1000,1000,10,30,15,0.2,False,roc_auc,0.0295860418118536,0.0295860418118536,0.0295860418118536,0.9641947110095964,0.9641947110095964,0.9641947110095964,1,1,[0.029586041811853647],[0.9641947110095963],10,,10,,200,200,sklearn pr34935,200
pr34935,1.10.dev0,sklearn,more_trees,tiny_1k_x_10,1000,10,1000,1000,4,80,31,0.08,False,roc_auc,0.0900262917857617,0.0900262917857617,0.0900262917857617,0.9632906784644246,0.9632906784644246,0.9632906784644246,1,1,[0.09002629178576171],[0.9632906784644246],10,,10,,200,200,sklearn pr34935,200
pr34935,1.10.dev0,sklearn,more_trees,tiny_1k_x_10,1000,10,1000,1000,10,80,31,0.08,False,roc_auc,0.0937940408475697,0.0937940408475697,0.0937940408475697,0.9632906784644246,0.9632906784644246,0.9632906784644246,1,1,[0.0937940408475697],[0.9632906784644246],10,,10,,200,200,sklearn pr34935,200
pr34935,1.10.dev0,sklearn,wide_boosted,tiny_1k_x_10,1000,10,1000,1000,4,80,63,0.1,False,roc_auc,0.1087507079355418,0.1087507079355418,0.1087507079355418,0.9642827141777104,0.9642827141777104,0.9642827141777104,1,1,[0.10875070793554187],[0.9642827141777104],10,,10,,200,200,sklearn pr34935,200
pr34935,1.10.dev0,sklearn,wide_boosted,tiny_1k_x_10,1000,10,1000,1000,10,80,63,0.1,False,roc_auc,0.1133550000376999,0.1133550000376999,0.1133550000376999,0.9642827141777104,0.9642827141777104,0.9642827141777104,1,1,[0.11335500003769994],[0.9642827141777104],10,,10,,200,200,sklearn pr34935,200
pr34935,1.10.dev0,sklearn,tiny_stumps,small_5k_x_20,5000,20,5000,5000,4,10,4,0.5,False,roc_auc,0.0149375419132411,0.0149375419132411,0.0149375419132411,0.88672744,0.88672744,0.88672744,1,1,[0.014937541913241148],[0.88672744],10,,10,,200,200,sklearn pr34935,200
pr34935,1.10.dev0,sklearn,tiny_stumps,small_5k_x_20,5000,20,5000,5000,10,10,4,0.5,False,roc_auc,0.0404052089434117,0.0404052089434117,0.0404052089434117,0.88672744,0.88672744,0.88672744,1,1,[0.04040520894341171],[0.88672744],10,,10,,200,200,sklearn pr34935,200
pr34935,1.10.dev0,sklearn,fast_medium,small_5k_x_20,5000,20,5000,5000,4,30,15,0.2,False,roc_auc,0.0480701250489801,0.0480701250489801,0.0480701250489801,0.9744888,0.9744888,0.9744888,1,1,[0.04807012504898012],[0.9744888],10,,10,,200,200,sklearn pr34935,200
pr34935,1.10.dev0,sklearn,fast_medium,small_5k_x_20,5000,20,5000,5000,10,30,15,0.2,False,roc_auc,0.0630114579107612,0.0630114579107612,0.0630114579107612,0.9744888,0.9744888,0.9744888,1,1,[0.06301145791076124],[0.9744888],10,,10,,200,200,sklearn pr34935,200
pr34935,1.10.dev0,sklearn,more_trees,small_5k_x_20,5000,20,5000,5000,4,80,31,0.08,False,roc_auc,0.1931285420432686,0.1931285420432686,0.1931285420432686,0.98628224,0.98628224,0.98628224,1,1,[0.19312854204326868],[0.9862822400000001],10,,10,,200,200,sklearn pr34935,200
pr34935,1.10.dev0,sklearn,more_trees,small_5k_x_20,5000,20,5000,5000,10,80,31,0.08,False,roc_auc,0.4107095829676837,0.4107095829676837,0.4107095829676837,0.98628224,0.98628224,0.98628224,1,1,[0.4107095829676837],[0.9862822400000001],10,,10,,200,200,sklearn pr34935,200
pr34935,1.10.dev0,sklearn,wide_boosted,small_5k_x_20,5000,20,5000,5000,4,80,63,0.1,False,roc_auc,0.3855977919884026,0.3855977919884026,0.3855977919884026,0.990036,0.990036,0.990036,1,1,[0.3855977919884026],[0.990036],10,,10,,200,200,sklearn pr34935,200
pr34935,1.10.dev0,sklearn,wide_boosted,small_5k_x_20,5000,20,5000,5000,10,80,63,0.1,False,roc_auc,0.6652340409345925,0.6652340409345925,0.6652340409345925,0.990036,0.990036,0.990036,1,1,[0.6652340409345925],[0.990036],10,,10,,200,200,sklearn pr34935,200
pr34935,1.10.dev0,sklearn,tiny_stumps,small_wide_2k_x_128,2000,128,2000,2000,4,10,4,0.5,False,roc_auc,0.0484550420660525,0.0484550420660525,0.0484550420660525,0.8353968353968353,0.8353968353968353,0.8353968353968353,1,1,[0.048455042066052556],[0.8353968353968353],10,,10,,200,200,sklearn pr34935,200
pr34935,1.10.dev0,sklearn,tiny_stumps,small_wide_2k_x_128,2000,128,2000,2000,10,10,4,0.5,False,roc_auc,0.063594875158742,0.063594875158742,0.063594875158742,0.8353968353968353,0.8353968353968353,0.8353968353968353,1,1,[0.06359487515874207],[0.8353968353968353],10,,10,,200,200,sklearn pr34935,200
pr34935,1.10.dev0,sklearn,fast_medium,small_wide_2k_x_128,2000,128,2000,2000,4,30,15,0.2,False,roc_auc,0.1314726669806987,0.1314726669806987,0.1314726669806987,0.938914938914939,0.938914938914939,0.938914938914939,1,1,[0.1314726669806987],[0.938914938914939],10,,10,,200,200,sklearn pr34935,200
pr34935,1.10.dev0,sklearn,fast_medium,small_wide_2k_x_128,2000,128,2000,2000,10,30,15,0.2,False,roc_auc,0.1251568750012666,0.1251568750012666,0.1251568750012666,0.938914938914939,0.938914938914939,0.938914938914939,1,1,[0.1251568750012666],[0.938914938914939],10,,10,,200,200,sklearn pr34935,200
pr34935,1.10.dev0,sklearn,more_trees,small_wide_2k_x_128,2000,128,2000,2000,4,80,31,0.08,False,roc_auc,0.4720515829976648,0.4720515829976648,0.4720515829976648,0.953999953999954,0.953999953999954,0.953999953999954,1,1,[0.4720515829976648],[0.953999953999954],10,,10,,200,200,sklearn pr34935,200
pr34935,1.10.dev0,sklearn,more_trees,small_wide_2k_x_128,2000,128,2000,2000,10,80,31,0.08,False,roc_auc,0.6572802080772817,0.6572802080772817,0.6572802080772817,0.953999953999954,0.953999953999954,0.953999953999954,1,1,[0.6572802080772817],[0.953999953999954],10,,10,,200,200,sklearn pr34935,200
pr34935,1.10.dev0,sklearn,wide_boosted,small_wide_2k_x_128,2000,128,2000,2000,4,80,63,0.1,False,roc_auc,0.5281261669006199,0.5281261669006199,0.5281261669006199,0.9550739550739552,0.9550739550739552,0.9550739550739552,1,1,[0.5281261669006199],[0.9550739550739551],10,,10,,200,200,sklearn pr34935,200
pr34935,1.10.dev0,sklearn,wide_boosted,small_wide_2k_x_128,2000,128,2000,2000,10,80,63,0.1,False,roc_auc,9.7091880410444,9.7091880410444,9.7091880410444,0.9550739550739552,0.9550739550739552,0.9550739550739552,1,1,[9.7091880410444],[0.9550739550739551],10,,10,,200,200,sklearn pr34935,200
pr34935,1.10.dev0,sklearn,tiny_stumps,medium_20k_x_20,20000,20,20000,20000,4,10,4,0.5,False,roc_auc,0.0332155840005725,0.0332155840005725,0.0332155840005725,0.889630300266908,0.889630300266908,0.889630300266908,1,1,[0.03321558400057256],[0.889630300266908],10,,10,,200,200,sklearn pr34935,200
pr34935,1.10.dev0,sklearn,tiny_stumps,medium_20k_x_20,20000,20,20000,20000,10,10,4,0.5,False,roc_auc,0.050466249929741,0.050466249929741,0.050466249929741,0.889630300266908,0.889630300266908,0.889630300266908,1,1,[0.050466249929741025],[0.889630300266908],10,,10,,200,200,sklearn pr34935,200
pr34935,1.10.dev0,sklearn,fast_medium,medium_20k_x_20,20000,20,20000,20000,4,30,15,0.2,False,roc_auc,0.0527961670886725,0.0527961670886725,0.0527961670886725,0.9790080074428829,0.9790080074428829,0.9790080074428829,1,1,[0.05279616708867252],[0.9790080074428827],10,,10,,200,200,sklearn pr34935,200
pr34935,1.10.dev0,sklearn,fast_medium,medium_20k_x_20,20000,20,20000,20000,10,30,15,0.2,False,roc_auc,0.0983674160670489,0.0983674160670489,0.0983674160670489,0.9790080074428829,0.9790080074428829,0.9790080074428829,1,1,[0.09836741606704891],[0.9790080074428827],10,,10,,200,200,sklearn pr34935,200
pr34935,1.10.dev0,sklearn,more_trees,medium_20k_x_20,20000,20,20000,20000,4,80,31,0.08,False,roc_auc,0.132457333849743,0.132457333849743,0.132457333849743,0.9884924358572766,0.9884924358572766,0.9884924358572766,1,1,[0.132457333849743],[0.9884924358572766],10,,10,,200,200,sklearn pr34935,200
pr34935,1.10.dev0,sklearn,more_trees,medium_20k_x_20,20000,20,20000,20000,10,80,31,0.08,False,roc_auc,1.240063208155334,1.240063208155334,1.240063208155334,0.9884924358572766,0.9884924358572766,0.9884924358572766,1,1,[1.240063208155334],[0.9884924358572766],10,,10,,200,200,sklearn pr34935,200
pr34935,1.10.dev0,sklearn,wide_boosted,medium_20k_x_20,20000,20,20000,20000,4,80,63,0.1,False,roc_auc,0.3051252909936011,0.3051252909936011,0.3051252909936011,0.9913481868853474,0.9913481868853474,0.9913481868853474,1,1,[0.3051252909936011],[0.9913481868853474],10,,10,,200,200,sklearn pr34935,200
pr34935,1.10.dev0,sklearn,wide_boosted,medium_20k_x_20,20000,20,20000,20000,10,80,63,0.1,False,roc_auc,0.6726789160165936,0.6726789160165936,0.6726789160165936,0.9913481868853474,0.9913481868853474,0.9913481868853474,1,1,[0.6726789160165936],[0.9913481868853474],10,,10,,200,200,sklearn pr34935,200
pr34935,1.10.dev0,sklearn,tiny_stumps,medium_wide_20k_x_100,20000,100,20000,20000,4,10,4,0.5,False,roc_auc,0.078697666991502,0.078697666991502,0.078697666991502,0.8611258586112587,0.8611258586112587,0.8611258586112587,1,1,[0.07869766699150205],[0.8611258586112587],10,,10,,200,200,sklearn pr34935,200
pr34935,1.10.dev0,sklearn,tiny_stumps,medium_wide_20k_x_100,20000,100,20000,20000,10,10,4,0.5,False,roc_auc,0.1861605830490589,0.1861605830490589,0.1861605830490589,0.8611258586112587,0.8611258586112587,0.8611258586112587,1,1,[0.18616058304905891],[0.8611258586112587],10,,10,,200,200,sklearn pr34935,200
pr34935,1.10.dev0,sklearn,fast_medium,medium_wide_20k_x_100,20000,100,20000,20000,4,30,15,0.2,False,roc_auc,0.1930369171313941,0.1930369171313941,0.1930369171313941,0.962254899622549,0.962254899622549,0.962254899622549,1,1,[0.19303691713139415],[0.962254899622549],10,,10,,200,200,sklearn pr34935,200
pr34935,1.10.dev0,sklearn,fast_medium,medium_wide_20k_x_100,20000,100,20000,20000,10,30,15,0.2,False,roc_auc,0.2097508751321584,0.2097508751321584,0.2097508751321584,0.962254899622549,0.962254899622549,0.962254899622549,1,1,[0.2097508751321584],[0.962254899622549],10,,10,,200,200,sklearn pr34935,200
pr34935,1.10.dev0,sklearn,more_trees,medium_wide_20k_x_100,20000,100,20000,20000,4,80,31,0.08,False,roc_auc,0.6033028748352081,0.6033028748352081,0.6033028748352081,0.9810980398109804,0.9810980398109804,0.9810980398109804,1,1,[0.6033028748352081],[0.9810980398109803],10,,10,,200,200,sklearn pr34935,200
pr34935,1.10.dev0,sklearn,more_trees,medium_wide_20k_x_100,20000,100,20000,20000,10,80,31,0.08,False,roc_auc,0.9825692500453442,0.9825692500453442,0.9825692500453442,0.9810980398109804,0.9810980398109804,0.9810980398109804,1,1,[0.9825692500453442],[0.9810980398109803],10,,10,,200,200,sklearn pr34935,200
pr34935,1.10.dev0,sklearn,wide_boosted,medium_wide_20k_x_100,20000,100,20000,20000,4,80,63,0.1,False,roc_auc,1.0658869999460876,1.0658869999460876,1.0658869999460876,0.9884320998843208,0.9884320998843208,0.9884320998843208,1,1,[1.0658869999460876],[0.9884320998843209],10,,10,,200,200,sklearn pr34935,200
pr34935,1.10.dev0,sklearn,wide_boosted,medium_wide_20k_x_100,20000,100,20000,20000,10,80,63,0.1,False,roc_auc,1.7159056668169796,1.7159056668169796,1.7159056668169796,0.9884320998843208,0.9884320998843208,0.9884320998843208,1,1,[1.7159056668169796],[0.9884320998843209],10,,10,,200,200,sklearn pr34935,200
pr34935,1.10.dev0,sklearn,tiny_stumps,medium_50k_x_50,50000,50,50000,50000,4,10,4,0.5,False,roc_auc,0.0820120831485837,0.0820120831485837,0.0820120831485837,0.8653499685845599,0.8653499685845599,0.8653499685845599,1,1,[0.08201208314858377],[0.8653499685845599],10,,10,,200,200,sklearn pr34935,200
pr34935,1.10.dev0,sklearn,tiny_stumps,medium_50k_x_50,50000,50,50000,50000,10,10,4,0.5,False,roc_auc,0.1476781668607145,0.1476781668607145,0.1476781668607145,0.8653499685845599,0.8653499685845599,0.8653499685845599,1,1,[0.14767816686071455],[0.8653499685845599],10,,10,,200,200,sklearn pr34935,200
pr34935,1.10.dev0,sklearn,fast_medium,medium_50k_x_50,50000,50,50000,50000,4,30,15,0.2,False,roc_auc,0.1853194579016417,0.1853194579016417,0.1853194579016417,0.9607271583371636,0.9607271583371636,0.9607271583371636,1,1,[0.18531945790164173],[0.9607271583371635],10,,10,,200,200,sklearn pr34935,200
pr34935,1.10.dev0,sklearn,fast_medium,medium_50k_x_50,50000,50,50000,50000,10,30,15,0.2,False,roc_auc,0.2189480839297175,0.2189480839297175,0.2189480839297175,0.9607271583371636,0.9607271583371636,0.9607271583371636,1,1,[0.21894808392971754],[0.9607271583371635],10,,10,,200,200,sklearn pr34935,200
pr34935,1.10.dev0,sklearn,more_trees,medium_50k_x_50,50000,50,50000,50000,4,80,31,0.08,False,roc_auc,0.736738207982853,0.736738207982853,0.736738207982853,0.9808219903693152,0.9808219903693152,0.9808219903693152,1,1,[0.736738207982853],[0.9808219903693152],10,,10,,200,200,sklearn pr34935,200
pr34935,1.10.dev0,sklearn,more_trees,medium_50k_x_50,50000,50,50000,50000,10,80,31,0.08,False,roc_auc,2.4232726669870317,2.4232726669870317,2.4232726669870317,0.9808219903693152,0.9808219903693152,0.9808219903693152,1,1,[2.4232726669870317],[0.9808219903693152],10,,10,,200,200,sklearn pr34935,200
pr34935,1.10.dev0,sklearn,wide_boosted,medium_50k_x_50,50000,50,50000,50000,4,80,63,0.1,False,roc_auc,0.7601052911486477,0.7601052911486477,0.7601052911486477,0.9898432799837492,0.9898432799837492,0.9898432799837492,1,1,[0.7601052911486477],[0.9898432799837492],10,,10,,200,200,sklearn pr34935,200
pr34935,1.10.dev0,sklearn,wide_boosted,medium_50k_x_50,50000,50,50000,50000,10,80,63,0.1,False,roc_auc,1.238217582926154,1.238217582926154,1.238217582926154,0.9898432799837492,0.9898432799837492,0.9898432799837492,1,1,[1.2382175829261541],[0.9898432799837492],10,,10,,200,200,sklearn pr34935,200
