mean_fit_time,std_fit_time,mean_score_time,std_score_time,param_n_estimators,param_min_samples_split,param_min_samples_leaf,param_max_depth,params,split0_test_half_coverage,split1_test_half_coverage,split2_test_half_coverage,mean_test_half_coverage,std_test_half_coverage,rank_test_half_coverage,split0_test_neg_pinball,split1_test_neg_pinball,split2_test_neg_pinball,mean_test_neg_pinball,std_test_neg_pinball,rank_test_neg_pinball,family,tail,param_subsample,param_learning_rate,param_max_iter,param_l2_regularization,param_honest_fraction
0.620763381322225,0.005671264250673192,0.013373215993245443,0.00010077979628995382,200.0,10.0,50,12,"{'n_estimators': 200, 'min_samples_split': 10, 'min_samples_leaf': 50, 'max_depth': 12}",0.968,0.976,0.967,0.9703333333333334,0.004027681991198194,5,-0.09793780619190307,-0.1027166147762785,-0.09223064077631181,-0.09762835391483111,0.004286469659742005,8,RandomForest,low,,,,,
0.5221172173817953,0.0011235757162868934,0.01176142692565918,0.00015766746400413934,200.0,2.0,80,6,"{'n_estimators': 200, 'min_samples_split': 2, 'min_samples_leaf': 80, 'max_depth': 6}",0.976,0.969,0.972,0.9723333333333333,0.002867441755680878,1,-0.11321367933116525,-0.12106981930726862,-0.11258731518520587,-0.1156236046078799,0.0038595357168718356,14,RandomForest,low,,,,,
0.5841019153594971,0.001703231369558078,0.011693636576334635,7.780153487107715e-05,200.0,2.0,30,6,"{'n_estimators': 200, 'min_samples_split': 2, 'min_samples_leaf': 30, 'max_depth': 6}",0.952,0.951,0.952,0.9516666666666667,0.00047140452079103207,14,-0.12463765715860796,-0.13467050879728404,-0.13109213575090656,-0.1301334339022662,0.004151614940948576,15,RandomForest,low,,,,,
0.6150002479553223,0.007276315558703746,0.012996037801106771,0.00017566022648894124,200.0,2.0,50,12,"{'n_estimators': 200, 'min_samples_split': 2, 'min_samples_leaf': 50, 'max_depth': 12}",0.968,0.976,0.967,0.9703333333333334,0.004027681991198194,5,-0.09793780619190307,-0.1027166147762785,-0.09223064077631181,-0.09762835391483111,0.004286469659742005,8,RandomForest,low,,,,,
0.4579201539357503,0.0011633995151077274,0.010649522145589193,0.0003485078545282518,200.0,2.0,120,6,"{'n_estimators': 200, 'min_samples_split': 2, 'min_samples_leaf': 120, 'max_depth': 6}",0.966,0.973,0.964,0.9676666666666667,0.0038586123009300786,8,-0.13839914781474663,-0.14616388827287416,-0.13866292182644915,-0.14107531930468997,0.0035997726585890255,21,RandomForest,low,,,,,
0.5981003443400065,0.002151424758537459,0.01210769017537435,9.84529852855078e-05,200.0,10.0,20,6,"{'n_estimators': 200, 'min_samples_split': 10, 'min_samples_leaf': 20, 'max_depth': 6}",0.947,0.94,0.945,0.944,0.0029439202887759515,17,-0.12617753217748248,-0.13548160899638145,-0.13040875754011827,-0.13068929957132738,0.0038035500291569288,19,RandomForest,low,,,,,
0.45786484082539874,0.0013601032250088853,0.010686397552490234,0.000325767908697108,200.0,2.0,120,,"{'n_estimators': 200, 'min_samples_split': 2, 'min_samples_leaf': 120, 'max_depth': None}",0.966,0.973,0.964,0.9676666666666667,0.0038586123009300786,8,-0.13839914781474663,-0.14616388827287416,-0.13866292182644915,-0.14107531930468997,0.0035997726585890255,21,RandomForest,low,,,,,
0.7677189509073893,0.00915959536289514,0.015840609868367512,0.0005099589056834667,200.0,2.0,20,,"{'n_estimators': 200, 'min_samples_split': 2, 'min_samples_leaf': 20, 'max_depth': None}",0.915,0.941,0.938,0.9313333333333332,0.011614167593456189,23,-0.08876720457912372,-0.08925095626075912,-0.07963576976590958,-0.08588464353526415,0.004423032252604304,1,RandomForest,low,,,,,
0.45870765050252277,0.0026819070881581083,0.010672410329182943,0.00041078906947339774,200.0,10.0,120,,"{'n_estimators': 200, 'min_samples_split': 10, 'min_samples_leaf': 120, 'max_depth': None}",0.966,0.973,0.964,0.9676666666666667,0.0038586123009300786,8,-0.13839914781474663,-0.14616388827287416,-0.13866292182644915,-0.14107531930468997,0.0035997726585890255,21,RandomForest,low,,,,,
0.705029567082723,0.005420822063257776,0.013794024785359701,4.66916408753552e-05,200.0,10.0,30,12,"{'n_estimators': 200, 'min_samples_split': 10, 'min_samples_leaf': 30, 'max_depth': 12}",0.952,0.956,0.95,0.9526666666666666,0.0024944382578492965,12,-0.0888325736056406,-0.09335545263854556,-0.08403938729101966,-0.08874247117840195,0.0038038013640207275,6,RandomForest,low,,,,,
0.7399332523345947,0.007875196308878086,0.014814297358194986,0.00011879791700270663,200.0,10.0,20,12,"{'n_estimators': 200, 'min_samples_split': 10, 'min_samples_leaf': 20, 'max_depth': 12}",0.922,0.944,0.939,0.935,0.009416297927883647,19,-0.09011408547293931,-0.09130956064010087,-0.08239926377313635,-0.08794096996205884,0.003948853912388708,3,RandomForest,low,,,,,
0.4580889542897542,0.0019503126058031655,0.010685046513875326,0.0002968378227974137,200.0,10.0,120,12,"{'n_estimators': 200, 'min_samples_split': 10, 'min_samples_leaf': 120, 'max_depth': 12}",0.966,0.973,0.964,0.9676666666666667,0.0038586123009300786,8,-0.13839914781474663,-0.14616388827287416,-0.13866292182644915,-0.14107531930468997,0.0035997726585890255,21,RandomForest,low,,,,,
0.5269620418548584,0.002140698123294053,0.011963129043579102,0.00014119305803561601,200.0,10.0,80,12,"{'n_estimators': 200, 'min_samples_split': 10, 'min_samples_leaf': 80, 'max_depth': 12}",0.978,0.969,0.969,0.972,0.004242640687119289,2,-0.11212295877546902,-0.12046386659163534,-0.10946934261814466,-0.11401872266174967,0.004684394652126696,11,RandomForest,low,,,,,
0.7059988180796305,0.006935762532938908,0.013899087905883789,2.223905662795982e-05,200.0,2.0,30,12,"{'n_estimators': 200, 'min_samples_split': 2, 'min_samples_leaf': 30, 'max_depth': 12}",0.952,0.956,0.95,0.9526666666666666,0.0024944382578492965,12,-0.0888325736056406,-0.09335545263854556,-0.08403938729101966,-0.08874247117840195,0.0038038013640207275,6,RandomForest,low,,,,,
0.5276740392049154,0.0018973045267305806,0.01190797487894694,9.819880853983656e-05,200.0,2.0,80,12,"{'n_estimators': 200, 'min_samples_split': 2, 'min_samples_leaf': 80, 'max_depth': 12}",0.978,0.969,0.969,0.972,0.004242640687119289,2,-0.11212295877546902,-0.12046386659163534,-0.10946934261814466,-0.11401872266174967,0.004684394652126696,11,RandomForest,low,,,,,
0.5262048244476318,0.001260025807156573,0.011859496434529623,3.341850287524661e-05,200.0,2.0,80,,"{'n_estimators': 200, 'min_samples_split': 2, 'min_samples_leaf': 80, 'max_depth': None}",0.978,0.969,0.969,0.972,0.004242640687119289,2,-0.11212295877546902,-0.12046386659163534,-0.10946934261814466,-0.11401872266174967,0.004684394652126696,11,RandomForest,low,,,,,
0.6108411947886149,0.0024797509060617666,0.012348810831705729,7.016755951786735e-05,200.0,10.0,9,6,"{'n_estimators': 200, 'min_samples_split': 10, 'min_samples_leaf': 9, 'max_depth': 6}",0.939,0.924,0.936,0.9329999999999999,0.006480740698407832,21,-0.1260966746666681,-0.13531971375476157,-0.12942018175148723,-0.13027885672430564,0.00381393100242025,17,RandomForest,low,,,,,
0.7222870190938314,0.007401053752400302,0.014411846796671549,0.0002915172824489898,200.0,10.0,30,,"{'n_estimators': 200, 'min_samples_split': 10, 'min_samples_leaf': 30, 'max_depth': None}",0.947,0.957,0.95,0.9513333333333334,0.004189935029992182,16,-0.08801072010207911,-0.09153920699972724,-0.08264445521629034,-0.08739812743936555,0.003657011954227691,2,RandomForest,low,,,,,
0.5892268021901449,0.006187048810173186,0.012040217717488607,0.0002175097399769049,200.0,10.0,30,6,"{'n_estimators': 200, 'min_samples_split': 10, 'min_samples_leaf': 30, 'max_depth': 6}",0.952,0.951,0.952,0.9516666666666667,0.00047140452079103207,14,-0.12463765715860796,-0.13467050879728404,-0.13109213575090656,-0.1301334339022662,0.004151614940948576,15,RandomForest,low,,,,,
0.5989886124928793,0.00025222607370551005,0.012088934580485025,6.547685906927841e-05,200.0,2.0,20,6,"{'n_estimators': 200, 'min_samples_split': 2, 'min_samples_leaf': 20, 'max_depth': 6}",0.947,0.94,0.945,0.944,0.0029439202887759515,17,-0.12617753217748248,-0.13548160899638145,-0.13040875754011827,-0.13068929957132738,0.0038035500291569288,19,RandomForest,low,,,,,
0.6183114051818848,0.007558259023815244,0.01308767000834147,0.00018865095954608685,200.0,10.0,50,,"{'n_estimators': 200, 'min_samples_split': 10, 'min_samples_leaf': 50, 'max_depth': None}",0.968,0.976,0.967,0.9703333333333334,0.004027681991198194,5,-0.09793780619190307,-0.1027166147762785,-0.09223064077631181,-0.09762835391483111,0.004286469659742005,8,RandomForest,low,,,,,
0.738344669342041,0.007186647352843114,0.014741182327270508,4.6340378480582195e-05,200.0,2.0,20,12,"{'n_estimators': 200, 'min_samples_split': 2, 'min_samples_leaf': 20, 'max_depth': 12}",0.922,0.944,0.939,0.935,0.009416297927883647,19,-0.09011408547293931,-0.09130956064010087,-0.08239926377313635,-0.08794096996205884,0.003948853912388708,3,RandomForest,low,,,,,
0.8389124870300293,0.008380566553073003,0.01793702443440755,9.923146877019864e-05,200.0,10.0,9,,"{'n_estimators': 200, 'min_samples_split': 10, 'min_samples_leaf': 9, 'max_depth': None}",0.852,0.879,0.887,0.8726666666666666,0.014974051630144149,24,-0.0921590139756054,-0.09206473578890702,-0.08046487766506644,-0.0882295424765263,0.005490582046854649,5,RandomForest,low,,,,,
0.6118510564168295,0.0001557992395381018,0.012358665466308594,2.1937964346952854e-06,200.0,2.0,9,6,"{'n_estimators': 200, 'min_samples_split': 2, 'min_samples_leaf': 9, 'max_depth': 6}",0.939,0.924,0.936,0.9329999999999999,0.006480740698407832,21,-0.1260966746666681,-0.13531971375476157,-0.12942018175148723,-0.13027885672430564,0.00381393100242025,17,RandomForest,low,,,,,
0.5218352476755778,0.001481597255815758,0.013553778330485025,0.00010232969360794425,200.0,10.0,50,12,"{'n_estimators': 200, 'min_samples_split': 10, 'min_samples_leaf': 50, 'max_depth': 12}",0.942,0.946,0.958,0.9486666666666667,0.006798692684790385,9,-0.450692237499168,-0.4963835090532306,-0.3781604824012913,-0.44174540965122994,0.048677204138362795,5,RandomForest,high,,,,,
0.4622807502746582,0.0019491450221175916,0.012909491856892904,0.0008533436788443344,200.0,2.0,80,6,"{'n_estimators': 200, 'min_samples_split': 2, 'min_samples_leaf': 80, 'max_depth': 6}",0.943,0.949,0.959,0.9503333333333334,0.00659966329107445,8,-0.4537513370367161,-0.5040995187602685,-0.3695863377861307,-0.4424790645277051,0.05549022171868565,8,RandomForest,high,,,,,
0.5594879786173502,0.005108452480832842,0.014454126358032227,0.0006992338798028217,200.0,2.0,30,6,"{'n_estimators': 200, 'min_samples_split': 2, 'min_samples_leaf': 30, 'max_depth': 6}",0.94,0.943,0.955,0.9460000000000001,0.006480740698407867,12,-0.44420296699126804,-0.5058292502988975,-0.3829524649783102,-0.44432822742282524,0.05016431573879457,12,RandomForest,high,,,,,
0.5372444788614908,0.014097231128562454,0.014022588729858398,0.000624644574200972,200.0,2.0,50,12,"{'n_estimators': 200, 'min_samples_split': 2, 'min_samples_leaf': 50, 'max_depth': 12}",0.942,0.946,0.958,0.9486666666666667,0.006798692684790385,9,-0.450692237499168,-0.4963835090532306,-0.3781604824012913,-0.44174540965122994,0.048677204138362795,5,RandomForest,high,,,,,
0.41153573989868164,0.00607983637885245,0.012577056884765625,0.0016430544029665515,200.0,2.0,120,6,"{'n_estimators': 200, 'min_samples_split': 2, 'min_samples_leaf': 120, 'max_depth': 6}",0.939,0.952,0.963,0.9513333333333334,0.009809292646374784,1,-0.4427830285731395,-0.5076553279618244,-0.36978425455398467,-0.44007420369631617,0.05631821209175269,1,RandomForest,high,,,,,
0.5742464065551758,0.0017394547110097338,0.014346122741699219,8.91611109740917e-05,200.0,10.0,20,6,"{'n_estimators': 200, 'min_samples_split': 10, 'min_samples_leaf': 20, 'max_depth': 6}",0.941,0.941,0.956,0.9460000000000001,0.007071067811865481,12,-0.4438243806918135,-0.5176313052093839,-0.38631122779548366,-0.44925563789889367,0.05374857889057958,14,RandomForest,high,,,,,
0.41203490893046063,0.005773797904103237,0.011643648147583008,0.00010041149727890632,200.0,2.0,120,,"{'n_estimators': 200, 'min_samples_split': 2, 'min_samples_leaf': 120, 'max_depth': None}",0.939,0.952,0.963,0.9513333333333334,0.009809292646374784,1,-0.4427830285731395,-0.5076553279618244,-0.36978425455398467,-0.44007420369631617,0.05631821209175269,1,RandomForest,high,,,,,
0.6426943143208822,0.002144780111502357,0.016536474227905273,0.0001962155453509959,200.0,2.0,20,,"{'n_estimators': 200, 'min_samples_split': 2, 'min_samples_leaf': 20, 'max_depth': None}",0.937,0.939,0.955,0.9436666666666667,0.008055363982396358,19,-0.4559560381044365,-0.5255541208179729,-0.39653214056624275,-0.4593474331628841,0.0527275640587306,23,RandomForest,high,,,,,
0.41002392768859863,0.0028408191500503936,0.011446714401245117,0.00015218353338418953,200.0,10.0,120,,"{'n_estimators': 200, 'min_samples_split': 10, 'min_samples_leaf': 120, 'max_depth': None}",0.939,0.952,0.963,0.9513333333333334,0.009809292646374784,1,-0.4427830285731395,-0.5076553279618244,-0.36978425455398467,-0.44007420369631617,0.05631821209175269,1,RandomForest,high,,,,,
0.5855801900227865,0.002976466637637351,0.01494900385538737,3.461661157694763e-05,200.0,10.0,30,12,"{'n_estimators': 200, 'min_samples_split': 10, 'min_samples_leaf': 30, 'max_depth': 12}",0.933,0.943,0.956,0.944,0.009416297927883654,16,-0.4503615488391778,-0.5088118451759007,-0.3904442648863669,-0.4498725529671485,0.048324599350792724,16,RandomForest,high,,,,,
0.6343482335408529,0.0007221498261305425,0.01602784792582194,1.7986869555706554e-05,200.0,10.0,20,12,"{'n_estimators': 200, 'min_samples_split': 10, 'min_samples_leaf': 20, 'max_depth': 12}",0.937,0.939,0.955,0.9436666666666667,0.008055363982396358,19,-0.4559315453521033,-0.5255261793015812,-0.39652520675906394,-0.45932764380424945,0.05271914796195227,21,RandomForest,high,,,,,
0.40813223520914715,0.006032172604681237,0.011324008305867514,9.726101439232298e-05,200.0,10.0,120,12,"{'n_estimators': 200, 'min_samples_split': 10, 'min_samples_leaf': 120, 'max_depth': 12}",0.939,0.952,0.963,0.9513333333333334,0.009809292646374784,1,-0.4427830285731395,-0.5076553279618244,-0.36978425455398467,-0.44007420369631617,0.05631821209175269,1,RandomForest,high,,,,,
0.4626917839050293,0.002352854691085729,0.012434959411621094,1.835668235294357e-05,200.0,10.0,80,12,"{'n_estimators': 200, 'min_samples_split': 10, 'min_samples_leaf': 80, 'max_depth': 12}",0.943,0.95,0.959,0.9506666666666667,0.00654896090146284,5,-0.45379084835113775,-0.504368850216298,-0.36955301573143223,-0.4425709047662893,0.055607209709401674,9,RandomForest,high,,,,,
0.5848539670308431,0.002944358897825712,0.0149078369140625,6.660404119503584e-05,200.0,2.0,30,12,"{'n_estimators': 200, 'min_samples_split': 2, 'min_samples_leaf': 30, 'max_depth': 12}",0.933,0.943,0.956,0.944,0.009416297927883654,16,-0.4503615488391778,-0.5088118451759007,-0.3904442648863669,-0.4498725529671485,0.048324599350792724,16,RandomForest,high,,,,,
0.46387966473897296,0.002220988136765132,0.012425422668457031,0.00013687510748364097,200.0,2.0,80,12,"{'n_estimators': 200, 'min_samples_split': 2, 'min_samples_leaf': 80, 'max_depth': 12}",0.943,0.95,0.959,0.9506666666666667,0.00654896090146284,5,-0.45379084835113775,-0.504368850216298,-0.36955301573143223,-0.4425709047662893,0.055607209709401674,9,RandomForest,high,,,,,
0.4652894337972005,0.0024057316955568737,0.012537161509195963,0.00027242542832859494,200.0,2.0,80,,"{'n_estimators': 200, 'min_samples_split': 2, 'min_samples_leaf': 80, 'max_depth': None}",0.943,0.95,0.959,0.9506666666666667,0.00654896090146284,5,-0.45379084835113775,-0.504368850216298,-0.36955301573143223,-0.4425709047662893,0.055607209709401674,9,RandomForest,high,,,,,
0.5886281331380209,0.004991235079881671,0.01412494977315267,0.00012268349706260842,200.0,10.0,9,6,"{'n_estimators': 200, 'min_samples_split': 10, 'min_samples_leaf': 9, 'max_depth': 6}",0.93,0.934,0.95,0.9380000000000001,0.008640987597877103,22,-0.45653579018307283,-0.5229133264324453,-0.3844825285212376,-0.45464388171225195,0.0565299681044186,19,RandomForest,high,,,,,
0.5858161449432373,0.002429940519842882,0.014870405197143555,5.5071079251269e-05,200.0,10.0,30,,"{'n_estimators': 200, 'min_samples_split': 10, 'min_samples_leaf': 30, 'max_depth': None}",0.933,0.943,0.956,0.944,0.009416297927883654,16,-0.4503615488391778,-0.508816562866807,-0.3904442648863669,-0.4498741255307839,0.04832651734747497,18,RandomForest,high,,,,,
0.5524234771728516,0.002131033282842481,0.013951937357584635,0.00012236121115331893,200.0,10.0,30,6,"{'n_estimators': 200, 'min_samples_split': 10, 'min_samples_leaf': 30, 'max_depth': 6}",0.94,0.943,0.955,0.9460000000000001,0.006480740698407867,12,-0.44420296699126804,-0.5058292502988975,-0.3829524649783102,-0.44432822742282524,0.05016431573879457,12,RandomForest,high,,,,,
0.5666916370391846,0.003119275801569133,0.014004945755004883,6.330181647609964e-05,200.0,2.0,20,6,"{'n_estimators': 200, 'min_samples_split': 2, 'min_samples_leaf': 20, 'max_depth': 6}",0.941,0.941,0.956,0.9460000000000001,0.007071067811865481,12,-0.4438243806918135,-0.5176313052093839,-0.38631122779548366,-0.44925563789889367,0.05374857889057958,14,RandomForest,high,,,,,
0.5247577826182047,0.0021586476727972564,0.01350076993306478,4.5163944405599616e-05,200.0,10.0,50,,"{'n_estimators': 200, 'min_samples_split': 10, 'min_samples_leaf': 50, 'max_depth': None}",0.942,0.946,0.958,0.9486666666666667,0.006798692684790385,9,-0.450692237499168,-0.4963835090532306,-0.3781604824012913,-0.44174540965122994,0.048677204138362795,5,RandomForest,high,,,,,
0.6322652498881022,0.00446496605719231,0.016007661819458008,4.215808617234181e-06,200.0,2.0,20,12,"{'n_estimators': 200, 'min_samples_split': 2, 'min_samples_leaf': 20, 'max_depth': 12}",0.937,0.939,0.955,0.9436666666666667,0.008055363982396358,19,-0.4559315453521033,-0.5255261793015812,-0.39652520675906394,-0.45932764380424945,0.05271914796195227,21,RandomForest,high,,,,,
0.7402052084604899,0.004287853999890053,0.018551349639892578,3.1605228235763344e-05,200.0,10.0,9,,"{'n_estimators': 200, 'min_samples_split': 10, 'min_samples_leaf': 9, 'max_depth': None}",0.915,0.909,0.938,0.9206666666666666,0.012498888839501742,24,-0.49945707042130455,-0.5571225525826196,-0.4145480609629359,-0.49037589465562004,0.05855892889570445,24,RandomForest,high,,,,,
0.5835046768188477,0.0022126495374590904,0.014052867889404297,2.98413974182413e-05,200.0,2.0,9,6,"{'n_estimators': 200, 'min_samples_split': 2, 'min_samples_leaf': 9, 'max_depth': 6}",0.93,0.934,0.95,0.9380000000000001,0.008640987597877103,22,-0.45653579018307283,-0.5229133264324453,-0.3844825285212376,-0.45464388171225195,0.0565299681044186,19,RandomForest,high,,,,,
0.6850343545277914,0.002362772990028526,0.01298379898071289,0.00017374384869602588,200.0,10.0,20,6,"{'n_estimators': 200, 'min_samples_split': 10, 'min_samples_leaf': 20, 'max_depth': 6}",0.988,0.984,0.985,0.9856666666666666,0.0016996731711975963,7,-0.14966945445339747,-0.15488745353688183,-0.14956977574911348,-0.15137556124646426,0.0024836162553345067,7,ExtraTrees,low,,,,,
0.6861023902893066,0.0014053795847527699,0.012873013814290365,5.2344447768478294e-05,200.0,2.0,20,6,"{'n_estimators': 200, 'min_samples_split': 2, 'min_samples_leaf': 20, 'max_depth': 6}",0.988,0.984,0.985,0.9856666666666666,0.0016996731711975963,7,-0.14966945445339747,-0.15488745353688183,-0.14956977574911348,-0.15137556124646426,0.0024836162553345067,7,ExtraTrees,low,,,,,
0.4824926058451335,0.00351048800652833,0.010899066925048828,0.00014499352266198493,200.0,2.0,80,12,"{'n_estimators': 200, 'min_samples_split': 2, 'min_samples_leaf': 80, 'max_depth': 12}",0.977,0.975,0.974,0.9753333333333334,0.0012472191289246482,13,-0.2103504082202177,-0.21883576173213243,-0.21173407945270145,-0.21364008313501723,0.0037170726459847224,13,ExtraTrees,low,,,,,
0.4848826726277669,0.001674848024652058,0.011284589767456055,0.0003676809255909013,200.0,2.0,80,6,"{'n_estimators': 200, 'min_samples_split': 2, 'min_samples_leaf': 80, 'max_depth': 6}",0.977,0.974,0.974,0.975,0.0014142135623730965,16,-0.21086541470273248,-0.21873497872963138,-0.212757858885714,-0.21411941743935928,0.0033538923422016973,16,ExtraTrees,low,,,,,
0.6160914897918701,0.002180759114806082,0.012297948201497396,0.0002830536547775032,200.0,2.0,40,12,"{'n_estimators': 200, 'min_samples_split': 2, 'min_samples_leaf': 40, 'max_depth': 12}",0.985,0.982,0.983,0.9833333333333334,0.0012472191289246482,9,-0.16909506865160945,-0.17438044456276253,-0.16370660336774126,-0.16906070552737107,0.0043576451654813,9,ExtraTrees,low,,,,,
0.9076428413391113,0.003459944767941492,0.016197840372721355,0.00016238835489745034,200.0,10.0,9,,"{'n_estimators': 200, 'min_samples_split': 10, 'min_samples_leaf': 9, 'max_depth': None}",0.99,0.992,0.985,0.989,0.0029439202887759515,1,-0.10826051072297238,-0.11015423173493827,-0.10350878673012759,-0.10730784306267942,0.002795373151145402,3,ExtraTrees,low,,,,,
0.5972599983215332,0.0010284764581526622,0.011793851852416992,4.7397149798186246e-05,200.0,10.0,40,6,"{'n_estimators': 200, 'min_samples_split': 10, 'min_samples_leaf': 40, 'max_depth': 6}",0.984,0.978,0.982,0.9813333333333333,0.0024944382578492965,12,-0.1736044562035347,-0.1835519381387186,-0.1719020387172816,-0.17635281101984498,0.005137777066634383,12,ExtraTrees,low,,,,,
0.4823297659556071,0.0016198042029519407,0.010757923126220703,3.696026301398487e-05,200.0,10.0,80,12,"{'n_estimators': 200, 'min_samples_split': 10, 'min_samples_leaf': 80, 'max_depth': 12}",0.977,0.975,0.974,0.9753333333333334,0.0012472191289246482,13,-0.2103504082202177,-0.21883576173213243,-0.21173407945270145,-0.21364008313501723,0.0037170726459847224,13,ExtraTrees,low,,,,,
0.9015722274780273,0.008640274782656294,0.015823920567830402,0.00015884956789462564,200.0,2.0,9,12,"{'n_estimators': 200, 'min_samples_split': 2, 'min_samples_leaf': 9, 'max_depth': 12}",0.99,0.992,0.985,0.989,0.0029439202887759515,1,-0.10798352685807319,-0.10921240650609478,-0.10339183188287632,-0.10686258841568143,0.0025049483667117013,1,ExtraTrees,low,,,,,
0.7546072006225586,0.00131634121164247,0.013425588607788086,6.042488295617477e-05,200.0,2.0,9,6,"{'n_estimators': 200, 'min_samples_split': 2, 'min_samples_leaf': 9, 'max_depth': 6}",0.988,0.99,0.985,0.9876666666666667,0.0020548046676563273,4,-0.13383139316060907,-0.13895111830161466,-0.13004692328366052,-0.1342764782486281,0.0036487210344742726,4,ExtraTrees,low,,,,,
0.4826638698577881,0.0040304972176269035,0.010695139567057291,2.108383663763255e-05,200.0,2.0,80,,"{'n_estimators': 200, 'min_samples_split': 2, 'min_samples_leaf': 80, 'max_depth': None}",0.977,0.975,0.974,0.9753333333333334,0.0012472191289246482,13,-0.2103504082202177,-0.21883576173213243,-0.21173407945270145,-0.21364008313501723,0.0037170726459847224,13,ExtraTrees,low,,,,,
0.9025633335113525,0.00534292761091745,0.01590418815612793,0.0001395500420680684,200.0,10.0,9,12,"{'n_estimators': 200, 'min_samples_split': 10, 'min_samples_leaf': 9, 'max_depth': 12}",0.99,0.992,0.985,0.989,0.0029439202887759515,1,-0.10798352685807319,-0.10921240650609478,-0.10339183188287632,-0.10686258841568143,0.0025049483667117013,1,ExtraTrees,low,,,,,
0.6155842145284017,0.001563468771048983,0.012042045593261719,4.6334653760954884e-05,200.0,2.0,40,,"{'n_estimators': 200, 'min_samples_split': 2, 'min_samples_leaf': 40, 'max_depth': None}",0.985,0.982,0.983,0.9833333333333334,0.0012472191289246482,9,-0.16914911519766967,-0.1744334801923975,-0.1637778833137669,-0.16912015956794468,0.004350177393420498,10,ExtraTrees,low,,,,,
0.7427932421366373,0.004674396195372799,0.013642628987630209,8.390083456761934e-05,200.0,2.0,20,,"{'n_estimators': 200, 'min_samples_split': 2, 'min_samples_leaf': 20, 'max_depth': None}",0.989,0.987,0.987,0.9876666666666667,0.0009428090415820641,4,-0.1362474871264929,-0.1413417259212136,-0.13038078547278115,-0.13598999950682922,0.004478487749544538,6,ExtraTrees,low,,,,,
0.6169037818908691,0.001997219131528321,0.012162288029988607,7.052740564555137e-05,200.0,10.0,40,,"{'n_estimators': 200, 'min_samples_split': 10, 'min_samples_leaf': 40, 'max_depth': None}",0.985,0.982,0.983,0.9833333333333334,0.0012472191289246482,9,-0.16914911519766967,-0.1744334801923975,-0.1637778833137669,-0.16912015956794468,0.004350177393420498,10,ExtraTrees,low,,,,,
0.7439615726470947,0.008341780380202009,0.013891379038492838,0.00034622538996345137,200.0,2.0,20,12,"{'n_estimators': 200, 'min_samples_split': 2, 'min_samples_leaf': 20, 'max_depth': 12}",0.989,0.987,0.986,0.9873333333333333,0.0012472191289246482,6,-0.13619776172569914,-0.14091859957614997,-0.12976242010650596,-0.1356262604694517,0.004572384159578452,5,ExtraTrees,low,,,,,
0.6822327772776285,0.0034594593410267292,0.012604316075642904,9.449045627972461e-05,200.0,10.0,20,6,"{'n_estimators': 200, 'min_samples_split': 10, 'min_samples_leaf': 20, 'max_depth': 6}",0.955,0.96,0.969,0.9613333333333333,0.005792715732327594,6,-0.43392445514676375,-0.5067027036200092,-0.372900743748945,-0.43784263417190594,0.054694638442229236,2,ExtraTrees,high,,,,,
0.6829732259114584,0.0015738788722034912,0.012625614802042643,5.510249452170592e-05,200.0,2.0,20,6,"{'n_estimators': 200, 'min_samples_split': 2, 'min_samples_leaf': 20, 'max_depth': 6}",0.955,0.96,0.969,0.9613333333333333,0.005792715732327594,6,-0.43392445514676375,-0.5067027036200092,-0.372900743748945,-0.43784263417190594,0.054694638442229236,2,ExtraTrees,high,,,,,
0.48908456166585285,0.006069001799154878,0.01102296511332194,0.00020799251436999283,200.0,2.0,80,12,"{'n_estimators': 200, 'min_samples_split': 2, 'min_samples_leaf': 80, 'max_depth': 12}",0.963,0.96,0.971,0.9646666666666667,0.004642796092394711,2,-0.4628176346092542,-0.5377514272419516,-0.39212914179687025,-0.46423273454935865,0.05945846945805982,13,ExtraTrees,high,,,,,
0.48308642705281574,0.0011732734579092414,0.010757048924763998,5.586676367443309e-05,200.0,2.0,80,6,"{'n_estimators': 200, 'min_samples_split': 2, 'min_samples_leaf': 80, 'max_depth': 6}",0.963,0.96,0.973,0.9653333333333333,0.005557777333511028,1,-0.4628323086331135,-0.5377605501981544,-0.3922778548042257,-0.4642902378784979,0.05940200800777736,16,ExtraTrees,high,,,,,
0.6186686356862386,0.0019486216106979648,0.012113809585571289,7.412658184736242e-05,200.0,2.0,40,12,"{'n_estimators': 200, 'min_samples_split': 2, 'min_samples_leaf': 40, 'max_depth': 12}",0.957,0.959,0.968,0.9613333333333333,0.004784233364802446,6,-0.443045693161991,-0.5132357112687791,-0.37618060078322463,-0.4441540017379983,0.05595800263576619,8,ExtraTrees,high,,,,,
0.9191188812255859,0.005074519322595439,0.016234318415323894,0.00015879850722890206,200.0,10.0,9,,"{'n_estimators': 200, 'min_samples_split': 10, 'min_samples_leaf': 9, 'max_depth': None}",0.949,0.954,0.961,0.9546666666666667,0.004921607686744471,14,-0.4581478691531198,-0.5131315818113076,-0.37829556628779254,-0.4498583390840733,0.055357775738906614,12,ExtraTrees,high,,,,,
0.5980680783589681,0.0012942018338359062,0.011884530385335287,3.2867384500468745e-05,200.0,10.0,40,6,"{'n_estimators': 200, 'min_samples_split': 10, 'min_samples_leaf': 40, 'max_depth': 6}",0.957,0.96,0.968,0.9616666666666666,0.004642796092394711,5,-0.4451460393480081,-0.5181301027550826,-0.3790848654158808,-0.4474536691729905,0.05678842824165033,9,ExtraTrees,high,,,,,
0.48359179496765137,0.00023685930900286221,0.010812679926554361,7.24586797831561e-05,200.0,10.0,80,12,"{'n_estimators': 200, 'min_samples_split': 10, 'min_samples_leaf': 80, 'max_depth': 12}",0.963,0.96,0.971,0.9646666666666667,0.004642796092394711,2,-0.4628176346092542,-0.5377514272419516,-0.39212914179687025,-0.46423273454935865,0.05945846945805982,13,ExtraTrees,high,,,,,
0.9078724384307861,0.01173222751134436,0.015944798787434895,0.00012261243195421526,200.0,2.0,9,12,"{'n_estimators': 200, 'min_samples_split': 2, 'min_samples_leaf': 9, 'max_depth': 12}",0.949,0.953,0.962,0.9546666666666667,0.005436502143433369,14,-0.45450413968898795,-0.5122393506064077,-0.37907870626139434,-0.44860739885226336,0.05452227657857784,10,ExtraTrees,high,,,,,
0.7586793104807535,0.0032819212291125763,0.01350863774617513,4.381211248002797e-05,200.0,2.0,9,6,"{'n_estimators': 200, 'min_samples_split': 2, 'min_samples_leaf': 9, 'max_depth': 6}",0.954,0.958,0.965,0.959,0.004546060565661956,13,-0.44034600462719453,-0.5042137215862457,-0.3701946525589309,-0.4382514595907903,0.0547330981821127,5,ExtraTrees,high,,,,,
0.4827420711517334,0.0034494630235668952,0.010742982228597006,4.168682930699943e-05,200.0,2.0,80,,"{'n_estimators': 200, 'min_samples_split': 2, 'min_samples_leaf': 80, 'max_depth': None}",0.963,0.96,0.971,0.9646666666666667,0.004642796092394711,2,-0.4628176346092542,-0.5377514272419516,-0.39212914179687025,-0.46423273454935865,0.05945846945805982,13,ExtraTrees,high,,,,,
0.9093262354532877,0.005563917839042269,0.01594082514444987,7.605349213454084e-06,200.0,10.0,9,12,"{'n_estimators': 200, 'min_samples_split': 10, 'min_samples_leaf': 9, 'max_depth': 12}",0.949,0.953,0.962,0.9546666666666667,0.005436502143433369,14,-0.45450413968898795,-0.5122393506064077,-0.37907870626139434,-0.44860739885226336,0.05452227657857784,10,ExtraTrees,high,,,,,
0.6265527407328287,0.01549584451247572,0.01207272211710612,3.84784902917466e-05,200.0,2.0,40,,"{'n_estimators': 200, 'min_samples_split': 2, 'min_samples_leaf': 40, 'max_depth': None}",0.957,0.959,0.968,0.9613333333333333,0.004784233364802446,6,-0.4430310540356593,-0.5132493569018691,-0.3761492409407022,-0.44414321729274353,0.055976412469742776,6,ExtraTrees,high,,,,,
0.7414914766947428,0.0039023236144486236,0.013582547505696615,0.00010891847477871462,200.0,2.0,20,,"{'n_estimators': 200, 'min_samples_split': 2, 'min_samples_leaf': 20, 'max_depth': None}",0.952,0.96,0.967,0.9596666666666667,0.006128258770283417,11,-0.4370888138868928,-0.5057851636766115,-0.37123820339154795,-0.4380373936516841,0.05493266170603938,4,ExtraTrees,high,,,,,
0.6152397791544596,0.002274246531180741,0.012017011642456055,3.3761844301067086e-05,200.0,10.0,40,,"{'n_estimators': 200, 'min_samples_split': 10, 'min_samples_leaf': 40, 'max_depth': None}",0.957,0.959,0.968,0.9613333333333333,0.004784233364802446,6,-0.4430310540356593,-0.5132493569018691,-0.3761492409407022,-0.44414321729274353,0.055976412469742776,6,ExtraTrees,high,,,,,
0.7402907212575277,0.003396877518779452,0.013590415318806967,7.786920963122055e-05,200.0,2.0,20,12,"{'n_estimators': 200, 'min_samples_split': 2, 'min_samples_leaf': 20, 'max_depth': 12}",0.952,0.96,0.967,0.9596666666666667,0.006128258770283417,11,-0.43687973097411525,-0.5052932307178395,-0.3713433482150671,-0.4378387699690072,0.054689015182648425,1,ExtraTrees,high,,,,,
0.23770999908447266,0.010295757727665212,0.0016532739003499348,5.028704464298272e-05,200.0,,20,2,"{'subsample': 0.8, 'n_estimators': 200, 'min_samples_leaf': 20, 'max_depth': 2, 'learning_rate': 0.1}",0.916,0.908,0.906,0.91,0.0043204937989385775,30,-0.09063655005508847,-0.09598496372074737,-0.08387620535775792,-0.09016590637786459,0.004954569364166098,6,GradientBoosting,low,0.8,0.1,,,
0.21586434046427408,0.000630340017511347,0.0013222694396972656,1.4474972950611629e-05,200.0,,9,2,"{'subsample': 1.0, 'n_estimators': 200, 'min_samples_leaf': 9, 'max_depth': 2, 'learning_rate': 0.05}",0.928,0.919,0.933,0.9266666666666667,0.005792715732327594,23,-0.13270979308443634,-0.13611786746396892,-0.12907512460310935,-0.13263426171717152,0.002875683743810942,20,GradientBoosting,low,1.0,0.05,,,
0.14490485191345215,0.0021207252155270705,0.0013467470804850261,7.783610990588446e-05,100.0,,9,3,"{'subsample': 1.0, 'n_estimators': 100, 'min_samples_leaf': 9, 'max_depth': 3, 'learning_rate': 0.1}",0.914,0.91,0.915,0.9129999999999999,0.0021602468994692888,29,-0.10253726349806296,-0.11038002836493749,-0.09553236832986274,-0.10281655339762107,0.006064748099483624,13,GradientBoosting,low,1.0,0.1,,,
0.05255262056986491,0.000336044275164082,0.0008940696716308594,4.989731201280677e-06,30.0,,20,5,"{'subsample': 0.8, 'n_estimators': 30, 'min_samples_leaf': 20, 'max_depth': 5, 'learning_rate': 0.1}",0.95,0.947,0.953,0.9499999999999998,0.00244948974278318,10,-0.17738273291367654,-0.19305736825044018,-0.17683502092747808,-0.18242504069719825,0.007521515317386815,27,GradientBoosting,low,0.8,0.1,,,
0.2853349844614665,0.0013900202610375254,0.0024151007334391275,4.0917950718445045e-05,200.0,,20,3,"{'subsample': 0.8, 'n_estimators': 200, 'min_samples_leaf': 20, 'max_depth': 3, 'learning_rate': 0.1}",0.894,0.891,0.897,0.8940000000000001,0.00244948974278318,37,-0.08987447293895297,-0.09378830537839758,-0.08077313067518235,-0.08814530299751096,0.00545229093461903,4,GradientBoosting,low,0.8,0.1,,,
0.051729043324788414,0.0014308534628426637,0.0007937749226888021,1.163836548703797e-05,30.0,,20,5,"{'subsample': 1.0, 'n_estimators': 30, 'min_samples_leaf': 20, 'max_depth': 5, 'learning_rate': 0.05}",0.956,0.956,0.966,0.9593333333333334,0.004714045207910321,1,-0.24534616792630473,-0.24861181942125068,-0.24169124129807562,-0.2452164095485437,0.002826803650437682,38,GradientBoosting,low,1.0,0.05,,,
0.26845137278238934,0.0031199415927626174,0.0023482640584309897,0.00024112833107670477,200.0,,40,3,"{'subsample': 0.8, 'n_estimators': 200, 'min_samples_leaf': 40, 'max_depth': 3, 'learning_rate': 0.05}",0.922,0.918,0.914,0.918,0.0032659863237109073,26,-0.10297332239025343,-0.10864771164978722,-0.10169807409180766,-0.1044397027106161,0.003020713931041272,16,GradientBoosting,low,0.8,0.05,,,
0.05836629867553711,0.0017815940699069238,0.0008999506632486979,2.3477740878496515e-05,30.0,,9,5,"{'subsample': 1.0, 'n_estimators': 30, 'min_samples_leaf': 9, 'max_depth': 5, 'learning_rate': 0.1}",0.949,0.947,0.951,0.949,0.0016329931618554536,12,-0.18242206767479108,-0.191391235038693,-0.17518386369308195,-0.18299905546885534,0.006629198426632881,28,GradientBoosting,low,1.0,0.1,,,
0.09101215998331706,0.0009535987612146844,0.0012029012044270833,2.3387176147400797e-06,50.0,,20,5,"{'subsample': 0.8, 'n_estimators': 50, 'min_samples_leaf': 20, 'max_depth': 5, 'learning_rate': 0.1}",0.937,0.929,0.938,0.9346666666666668,0.0040276819911981634,20,-0.12872944017739915,-0.1417545771976815,-0.1286037451667285,-0.13302925418060305,0.006169948466732175,21,GradientBoosting,low,0.8,0.1,,,
0.33989731470743817,0.0008089964179790912,0.0022188822428385415,2.8221035163922534e-05,300.0,,20,2,"{'subsample': 0.8, 'n_estimators': 300, 'min_samples_leaf': 20, 'max_depth': 2, 'learning_rate': 0.1}",0.893,0.903,0.899,0.8983333333333334,0.0041096093353126546,34,-0.08916333903693133,-0.09259150082953505,-0.07992538332753615,-0.0872267410646675,0.0053491707720756685,1,GradientBoosting,low,0.8,0.1,,,
0.07078742980957031,0.0013421206898266871,0.0008061726888020834,3.946929785995171e-05,50.0,,9,3,"{'subsample': 1.0, 'n_estimators': 50, 'min_samples_leaf': 9, 'max_depth': 3, 'learning_rate': 0.05}",0.956,0.952,0.96,0.956,0.0032659863237109073,5,-0.21685072794445837,-0.22068103374380274,-0.1998141952437615,-0.21244865231067422,0.009069727657097093,36,GradientBoosting,low,1.0,0.05,,,
0.10073026021321614,0.0021998249467490984,0.0011882781982421875,4.370588224725782e-05,50.0,,9,5,"{'subsample': 1.0, 'n_estimators': 50, 'min_samples_leaf': 9, 'max_depth': 5, 'learning_rate': 0.1}",0.933,0.923,0.934,0.93,0.004966554808583784,22,-0.13158605171406948,-0.1388705575878393,-0.12690616819063258,-0.13245425916418044,0.004922871218054179,18,GradientBoosting,low,1.0,0.1,,,
0.6651293436686198,0.013715270732342386,0.004804054896036784,7.326613237342223e-05,300.0,,9,5,"{'subsample': 0.8, 'n_estimators': 300, 'min_samples_leaf': 9, 'max_depth': 5, 'learning_rate': 0.1}",0.862,0.872,0.89,0.8746666666666667,0.011585431464655188,40,-0.09182384503727141,-0.09228730911484834,-0.08102260933547145,-0.0883779211625304,0.005204431367770866,5,GradientBoosting,low,0.8,0.1,,,
0.10765647888183594,0.0005403910893206009,0.0009957949320475261,5.079652543642359e-05,100.0,,9,2,"{'subsample': 1.0, 'n_estimators': 100, 'min_samples_leaf': 9, 'max_depth': 2, 'learning_rate': 0.05}",0.945,0.945,0.961,0.9503333333333334,0.007542472332656513,9,-0.20483348497785528,-0.20932402487151247,-0.19675653167510537,-0.20363801384149105,0.005199829147119142,34,GradientBoosting,low,1.0,0.05,,,
0.34221164385477704,0.003138664668406569,0.0019014676411946614,3.6117245297623136e-05,300.0,,20,2,"{'subsample': 0.8, 'n_estimators': 300, 'min_samples_leaf': 20, 'max_depth': 2, 'learning_rate': 0.05}",0.923,0.911,0.916,0.9166666666666666,0.004921607686744472,27,-0.10199943422575035,-0.10860908763634382,-0.09712771777915927,-0.10257874654708447,0.004705115338551128,12,GradientBoosting,low,0.8,0.05,,,
0.056706905364990234,0.00013792179939405504,0.0007546742757161459,6.457383812513949e-06,50.0,,9,2,"{'subsample': 0.8, 'n_estimators': 50, 'min_samples_leaf': 9, 'max_depth': 2, 'learning_rate': 0.1}",0.941,0.946,0.956,0.9476666666666667,0.006236095644623242,14,-0.20453742672209244,-0.20962785147011512,-0.1953053683116717,-0.20315688216795977,0.005928058052202982,33,GradientBoosting,low,0.8,0.1,,,
0.19790045420328775,0.0017061172253590093,0.0020638306935628257,6.033649434125624e-05,100.0,,20,5,"{'subsample': 0.8, 'n_estimators': 100, 'min_samples_leaf': 20, 'max_depth': 5, 'learning_rate': 0.1}",0.906,0.894,0.91,0.9033333333333333,0.006798692684790386,33,-0.09159975370067369,-0.09861341284037149,-0.08487343511694788,-0.0916955338859977,0.005609731267655627,8,GradientBoosting,low,0.8,0.1,,,
0.06384317080179851,0.0008821290317544196,0.0008563995361328125,1.594376897554444e-05,50.0,,40,3,"{'subsample': 1.0, 'n_estimators': 50, 'min_samples_leaf': 40, 'max_depth': 3, 'learning_rate': 0.1}",0.945,0.941,0.937,0.941,0.0032659863237108613,15,-0.13844062449707656,-0.14432179559567623,-0.14240475725665908,-0.14172239244980395,0.0024489806954427445,22,GradientBoosting,low,1.0,0.1,,,
0.28244749704996747,0.0039141092390813466,0.0018386046091715496,5.9417536893394716e-05,200.0,,9,3,"{'subsample': 1.0, 'n_estimators': 200, 'min_samples_leaf': 9, 'max_depth': 3, 'learning_rate': 0.05}",0.911,0.901,0.914,0.9086666666666666,0.005557777333511028,31,-0.09756523087328577,-0.10997425914717732,-0.09802497846398578,-0.10185482282814962,0.005744375600872453,11,GradientBoosting,low,1.0,0.05,,,
0.03236524264017741,0.00011644827040012008,0.0006518363952636719,4.936281888729583e-06,30.0,,20,2,"{'subsample': 1.0, 'n_estimators': 30, 'min_samples_leaf': 20, 'max_depth': 2, 'learning_rate': 0.1}",0.948,0.95,0.963,0.9536666666666666,0.006649979114420007,6,-0.2477978634665266,-0.2531129748848015,-0.24320542501397552,-0.24803875445510118,0.004048325370817611,40,GradientBoosting,low,1.0,0.1,,,
0.13575617472330728,0.0008774204593405686,0.0014813741048177083,7.60574782362645e-05,100.0,,40,3,"{'subsample': 0.8, 'n_estimators': 100, 'min_samples_leaf': 40, 'max_depth': 3, 'learning_rate': 0.1}",0.926,0.918,0.915,0.9196666666666667,0.004642796092394711,25,-0.10440276840203618,-0.10900110402316983,-0.09855720966727821,-0.10398702736416139,0.004273824422160718,15,GradientBoosting,low,0.8,0.1,,,
0.05816419919331869,0.0010197011528900474,0.0008780161539713541,2.503079692208548e-06,30.0,,9,5,"{'subsample': 0.8, 'n_estimators': 30, 'min_samples_leaf': 9, 'max_depth': 5, 'learning_rate': 0.05}",0.952,0.957,0.963,0.9573333333333333,0.004496912521077351,3,-0.24702277116612245,-0.24840551107241782,-0.2396556902235751,-0.24502799082070514,0.0038405036728323444,37,GradientBoosting,low,0.8,0.05,,,
0.0961461067199707,0.0006466367528739293,0.000997781753540039,2.8856200288424835e-05,50.0,,9,5,"{'subsample': 1.0, 'n_estimators': 50, 'min_samples_leaf': 9, 'max_depth': 5, 'learning_rate': 0.05}",0.954,0.943,0.958,0.9516666666666665,0.006342099196813488,8,-0.20191916232763552,-0.20983460617466249,-0.1934282558963001,-0.2017273414661994,0.0066992377076919175,32,GradientBoosting,low,1.0,0.05,,,
0.11344130833943684,0.0006220400076740983,0.0009448528289794922,2.4613759530362113e-05,100.0,,9,2,"{'subsample': 0.8, 'n_estimators': 100, 'min_samples_leaf': 9, 'max_depth': 2, 'learning_rate': 0.05}",0.945,0.948,0.954,0.9489999999999998,0.0037416573867739447,13,-0.20453401839878718,-0.21048789117605157,-0.19883005671653578,-0.20461732209712483,0.004759655498807031,35,GradientBoosting,low,0.8,0.05,,,
0.0712126096089681,0.0005317593953117437,0.0009454091389973959,3.250974270804945e-05,50.0,,9,3,"{'subsample': 0.8, 'n_estimators': 50, 'min_samples_leaf': 9, 'max_depth': 3, 'learning_rate': 0.1}",0.945,0.943,0.931,0.9396666666666667,0.006182412330330423,17,-0.14369972131730274,-0.158175260844924,-0.1510326810809093,-0.15096922108104535,0.005909784628485116,26,GradientBoosting,low,0.8,0.1,,,
0.20162304242451987,0.0012734598566424228,0.0019288063049316406,9.910434491009173e-05,100.0,,20,5,"{'subsample': 1.0, 'n_estimators': 100, 'min_samples_leaf': 20, 'max_depth': 5, 'learning_rate': 0.1}",0.896,0.892,0.903,0.8969999999999999,0.004546060565661956,36,-0.0929563390367867,-0.09802716813166204,-0.08551844715200169,-0.09216731810681682,0.005137051077398178,10,GradientBoosting,low,1.0,0.1,,,
0.05172197024027506,0.0004031129807176317,0.0007623036702473959,8.638813172468307e-06,50.0,,40,2,"{'subsample': 1.0, 'n_estimators': 50, 'min_samples_leaf': 40, 'max_depth': 2, 'learning_rate': 0.1}",0.952,0.942,0.956,0.9499999999999998,0.005887840577551903,10,-0.20182925882990457,-0.2062501366019104,-0.19314537485068337,-0.20040825676083276,0.005443536246432433,31,GradientBoosting,low,1.0,0.1,,,
0.40877310434977215,0.0025811124337748103,0.003433863321940104,8.03482009676044e-05,200.0,,20,5,"{'subsample': 0.8, 'n_estimators': 200, 'min_samples_leaf': 20, 'max_depth': 5, 'learning_rate': 0.1}",0.882,0.884,0.899,0.8883333333333333,0.007586537784494035,38,-0.08981722606667139,-0.09314547936609055,-0.08010328977932608,-0.087688665070696,0.0055330977604152055,2,GradientBoosting,low,0.8,0.1,,,
0.6178122361501058,0.00024065481599199763,0.004805326461791992,0.00014709054490334524,300.0,,20,5,"{'subsample': 0.8, 'n_estimators': 300, 'min_samples_leaf': 20, 'max_depth': 5, 'learning_rate': 0.1}",0.875,0.88,0.896,0.8836666666666666,0.00895668589502961,39,-0.09033524846585841,-0.09319840625395219,-0.08054693161636749,-0.08802686211205936,0.005416729535747962,3,GradientBoosting,low,0.8,0.1,,,
0.05893238385518392,0.0003322046908609421,0.0008151531219482422,2.2095456021299787e-05,30.0,,9,5,"{'subsample': 1.0, 'n_estimators': 30, 'min_samples_leaf': 9, 'max_depth': 5, 'learning_rate': 0.05}",0.955,0.957,0.965,0.959,0.0043204937989385775,2,-0.24537566703971225,-0.24875314010266014,-0.24201682101236704,-0.2453818760515798,0.0027500942572250236,39,GradientBoosting,low,1.0,0.05,,,
0.1359565258026123,0.0008779712946833618,0.001298824946085612,6.860970732308597e-05,100.0,,20,3,"{'subsample': 0.8, 'n_estimators': 100, 'min_samples_leaf': 20, 'max_depth': 3, 'learning_rate': 0.05}",0.944,0.94,0.936,0.94,0.0032659863237108613,16,-0.14169609123121213,-0.15709026367342568,-0.14512459051833065,-0.1479703151409895,0.006598926567564197,25,GradientBoosting,low,0.8,0.05,,,
0.22001163164774576,0.0013698712090703784,0.0013651053110758464,7.204090896905575e-05,200.0,,40,2,"{'subsample': 0.8, 'n_estimators': 200, 'min_samples_leaf': 40, 'max_depth': 2, 'learning_rate': 0.05}",0.938,0.927,0.93,0.9316666666666666,0.00464279609239466,21,-0.12896509068149745,-0.13384548920486797,-0.12878920152689446,-0.13053326047108663,0.0023431998971978184,17,GradientBoosting,low,0.8,0.05,,,
0.21627259254455566,0.002124101651455755,0.0014896392822265625,5.0735936724430385e-05,200.0,,20,2,"{'subsample': 1.0, 'n_estimators': 200, 'min_samples_leaf': 20, 'max_depth': 2, 'learning_rate': 0.1}",0.909,0.897,0.908,0.9046666666666666,0.005436502143433369,32,-0.09132255587324611,-0.09568787192564444,-0.08399514451123205,-0.09033519077004086,0.004824322818262228,7,GradientBoosting,low,1.0,0.1,,,
0.039777119954427086,0.0005756876270853134,0.0007082621256510416,1.240438708364014e-05,30.0,,20,3,"{'subsample': 1.0, 'n_estimators': 30, 'min_samples_leaf': 20, 'max_depth': 3, 'learning_rate': 0.1}",0.95,0.948,0.957,0.9516666666666667,0.0038586123009300786,7,-0.19348529705086573,-0.2034620217569942,-0.18393601273269916,-0.19362777718018634,0.007972096442996297,29,GradientBoosting,low,1.0,0.1,,,
0.42303840319315594,0.0014515985958422552,0.0035947163899739585,5.733634992440882e-05,200.0,,9,5,"{'subsample': 0.8, 'n_estimators': 200, 'min_samples_leaf': 9, 'max_depth': 5, 'learning_rate': 0.05}",0.894,0.896,0.903,0.8976666666666667,0.0038586123009300786,35,-0.09338876537127312,-0.09780450745735822,-0.08512408737881987,-0.09210578673581708,0.005255650227854917,9,GradientBoosting,low,0.8,0.05,,,
0.33817489941914874,0.0011416819370655663,0.0018918514251708984,3.59640814252057e-05,300.0,,9,2,"{'subsample': 0.8, 'n_estimators': 300, 'min_samples_leaf': 9, 'max_depth': 2, 'learning_rate': 0.05}",0.917,0.916,0.915,0.916,0.0008164965809277268,28,-0.10423747639228144,-0.1075987237794352,-0.09682951851170997,-0.10288857289447555,0.004498785095956091,14,GradientBoosting,low,0.8,0.05,,,
0.12485726674397786,0.0022157296558167833,0.0010855992635091145,9.745718905292785e-06,100.0,,40,3,"{'subsample': 1.0, 'n_estimators': 100, 'min_samples_leaf': 40, 'max_depth': 3, 'learning_rate': 0.05}",0.939,0.939,0.933,0.9369999999999999,0.00282842712474614,18,-0.14079222182224294,-0.1518417321913837,-0.14252786594913738,-0.145053939987588,0.004851714980996442,24,GradientBoosting,low,1.0,0.05,,,
0.07796247800191243,0.0009570915734838164,0.0009696483612060547,2.94116158723688e-05,50.0,,40,5,"{'subsample': 1.0, 'n_estimators': 50, 'min_samples_leaf': 40, 'max_depth': 5, 'learning_rate': 0.05}",0.959,0.951,0.962,0.9573333333333333,0.004642796092394711,3,-0.19735664399963088,-0.20762843390539076,-0.1919783179564901,-0.1989877986205039,0.006492407429780594,30,GradientBoosting,low,1.0,0.05,,,
0.13266714413960776,0.002257958853702575,0.0011115868886311848,2.932473141219134e-05,100.0,,20,3,"{'subsample': 1.0, 'n_estimators': 100, 'min_samples_leaf': 20, 'max_depth': 3, 'learning_rate': 0.05}",0.937,0.935,0.933,0.935,0.0016329931618554536,19,-0.1370025422001447,-0.15308100231357658,-0.13979147196275565,-0.14329167215882566,0.0070151156305144,23,GradientBoosting,low,1.0,0.05,,,
0.09080998102823894,0.0013094761638277475,0.0011332035064697266,1.9965569079406668e-05,50.0,,20,5,"{'subsample': 1.0, 'n_estimators': 50, 'min_samples_leaf': 20, 'max_depth': 5, 'learning_rate': 0.1}",0.932,0.921,0.926,0.9263333333333335,0.004496912521077351,24,-0.13129515706619152,-0.13905399088764805,-0.12736004990020944,-0.13256973261801633,0.004858358507589874,19,GradientBoosting,low,1.0,0.1,,,
0.22610116004943848,0.002245912185712316,0.0016869703928629558,7.284674973825447e-06,200.0,,20,2,"{'subsample': 0.8, 'n_estimators': 200, 'min_samples_leaf': 20, 'max_depth': 2, 'learning_rate': 0.1}",0.93,0.938,0.951,0.9396666666666667,0.008653836657164746,32,-0.4403224831318764,-0.5077759180136925,-0.3678763586159141,-0.4386582532538277,0.05712587811572132,12,GradientBoosting,high,0.8,0.1,,,
0.21308271090189615,0.0025500780764178923,0.0014282067616780598,3.7675332731613774e-05,200.0,,9,2,"{'subsample': 1.0, 'n_estimators': 200, 'min_samples_leaf': 9, 'max_depth': 2, 'learning_rate': 0.05}",0.931,0.941,0.952,0.9413333333333332,0.008576453553512367,28,-0.44885778994225145,-0.5082950502793039,-0.3584748756954475,-0.4385425719723343,0.06159720756338163,11,GradientBoosting,high,1.0,0.05,,,
0.1399566332499186,0.0014299614210834125,0.0012878576914469402,5.389607710105899e-05,100.0,,9,3,"{'subsample': 1.0, 'n_estimators': 100, 'min_samples_leaf': 9, 'max_depth': 3, 'learning_rate': 0.1}",0.935,0.941,0.951,0.9423333333333334,0.006599663291074408,25,-0.43542975869853306,-0.5125107168989125,-0.36250013476057225,-0.43681353678600593,0.06124937996811319,7,GradientBoosting,high,1.0,0.1,,,
0.07491978009541829,0.002508756953033951,0.0011432965596516926,5.969464606670991e-06,30.0,,20,5,"{'subsample': 0.8, 'n_estimators': 30, 'min_samples_leaf': 20, 'max_depth': 5, 'learning_rate': 0.1}",0.946,0.95,0.96,0.952,0.005887840577551903,8,-0.4523034795637641,-0.5155497005038694,-0.37513202946916363,-0.4476617365122657,0.057419160092660196,25,GradientBoosting,high,0.8,0.1,,,
0.2844967047373454,0.0007128102652927954,0.002291123072306315,7.396596733328231e-05,200.0,,20,3,"{'subsample': 0.8, 'n_estimators': 200, 'min_samples_leaf': 20, 'max_depth': 3, 'learning_rate': 0.1}",0.926,0.931,0.951,0.936,0.010801234497346391,36,-0.45277056062006865,-0.5286925397286759,-0.3769430556343722,-0.4528020519943723,0.06195147146222235,28,GradientBoosting,high,0.8,0.1,,,
0.08090821901957194,0.0031665483817709915,0.0011359055836995442,3.913858816222057e-05,30.0,,20,5,"{'subsample': 1.0, 'n_estimators': 30, 'min_samples_leaf': 20, 'max_depth': 5, 'learning_rate': 0.05}",0.956,0.959,0.967,0.9606666666666667,0.004642796092394711,3,-0.4592448815957149,-0.5412096254172769,-0.39485158018669186,-0.46510202906656123,0.05989378923450481,33,GradientBoosting,high,1.0,0.05,,,
0.28710095087687176,0.004838372032255379,0.0026143391927083335,7.567861224537143e-05,200.0,,40,3,"{'subsample': 0.8, 'n_estimators': 200, 'min_samples_leaf': 40, 'max_depth': 3, 'learning_rate': 0.05}",0.93,0.939,0.952,0.9403333333333332,0.00903081145609601,30,-0.44106340601483884,-0.5085953801051272,-0.3696750744304684,-0.4397779535168114,0.056721260701073244,14,GradientBoosting,high,0.8,0.05,,,
0.07666961352030437,0.00436965010987582,0.0010919570922851562,4.68418185815537e-06,30.0,,9,5,"{'subsample': 1.0, 'n_estimators': 30, 'min_samples_leaf': 9, 'max_depth': 5, 'learning_rate': 0.1}",0.945,0.948,0.957,0.9499999999999998,0.00509901951359279,10,-0.4690669911168942,-0.5318234173237363,-0.38860119542495913,-0.46316386795519654,0.05861903194186605,32,GradientBoosting,high,1.0,0.1,,,
0.11439005533854167,0.0018033308705256098,0.001427014668782552,8.093724544023748e-05,50.0,,20,5,"{'subsample': 0.8, 'n_estimators': 50, 'min_samples_leaf': 20, 'max_depth': 5, 'learning_rate': 0.1}",0.938,0.948,0.953,0.9463333333333334,0.006236095644623242,17,-0.4518506332185227,-0.5199111927804952,-0.3737314500348247,-0.44849775867794756,0.0597247052347197,26,GradientBoosting,high,0.8,0.1,,,
0.33664989471435547,0.001198184771629515,0.0022293726603190103,3.49862961458758e-05,300.0,,20,2,"{'subsample': 0.8, 'n_estimators': 300, 'min_samples_leaf': 20, 'max_depth': 2, 'learning_rate': 0.1}",0.926,0.938,0.949,0.9376666666666665,0.009392668535736877,34,-0.4473186731551979,-0.5101522149709209,-0.36979261148699055,-0.44242116653770314,0.05740611901672063,18,GradientBoosting,high,0.8,0.1,,,
0.07555850346883138,0.0019110189958604098,0.0010763804117838542,6.0767070953717154e-05,50.0,,9,3,"{'subsample': 1.0, 'n_estimators': 50, 'min_samples_leaf': 9, 'max_depth': 3, 'learning_rate': 0.05}",0.946,0.955,0.961,0.9539999999999998,0.006164414002968982,4,-0.44036586964089997,-0.5212153939493546,-0.3670057628835044,-0.44286234215791964,0.06298056239633296,19,GradientBoosting,high,1.0,0.05,,,
0.11948092778523763,0.003237231396447158,0.001344919204711914,2.5890837970587625e-05,50.0,,9,5,"{'subsample': 1.0, 'n_estimators': 50, 'min_samples_leaf': 9, 'max_depth': 5, 'learning_rate': 0.1}",0.935,0.934,0.951,0.9400000000000001,0.0077888809636985695,31,-0.47348855878781715,-0.532272269096792,-0.39037150238218554,-0.465377443422265,0.058213970504815346,35,GradientBoosting,high,1.0,0.1,,,
0.6754055023193359,0.004791065575989617,0.004591226577758789,0.00010348648073940154,300.0,,9,5,"{'subsample': 0.8, 'n_estimators': 300, 'min_samples_leaf': 9, 'max_depth': 5, 'learning_rate': 0.1}",0.904,0.915,0.925,0.9146666666666666,0.008576453553512412,40,-0.5158048895826651,-0.5572147906629819,-0.3959804669551436,-0.4896667157335968,0.0683692420342368,40,GradientBoosting,high,0.8,0.1,,,
0.10726253191630046,0.0017840948494349928,0.0010064442952473958,2.659005595446516e-05,100.0,,9,2,"{'subsample': 1.0, 'n_estimators': 100, 'min_samples_leaf': 9, 'max_depth': 2, 'learning_rate': 0.05}",0.936,0.951,0.958,0.9483333333333333,0.009177266598624095,14,-0.44875845544493304,-0.5175712337595028,-0.363392982236068,-0.4432408904801679,0.06306380870758961,20,GradientBoosting,high,1.0,0.05,,,
0.33467618624369305,0.001241752296397817,0.0023164749145507812,2.4053114500315836e-05,300.0,,20,2,"{'subsample': 0.8, 'n_estimators': 300, 'min_samples_leaf': 20, 'max_depth': 2, 'learning_rate': 0.05}",0.933,0.94,0.952,0.9416666666666668,0.007845734863959846,27,-0.43799572322417424,-0.5055725759518532,-0.3672890870633987,-0.4369524620798087,0.056458817558478494,8,GradientBoosting,high,0.8,0.05,,,
0.057266791661580406,0.00016901756728120878,0.000869592030843099,1.647715996008041e-05,50.0,,9,2,"{'subsample': 0.8, 'n_estimators': 50, 'min_samples_leaf': 9, 'max_depth': 2, 'learning_rate': 0.1}",0.939,0.95,0.958,0.9489999999999998,0.007788880963698622,13,-0.4450673708731722,-0.5126761542190568,-0.37229578804698993,-0.44334643771307297,0.057322962297593795,22,GradientBoosting,high,0.8,0.1,,,
0.2206721305847168,0.0026871237126865673,0.002086083094278971,5.7094930782757787e-05,100.0,,20,5,"{'subsample': 0.8, 'n_estimators': 100, 'min_samples_leaf': 20, 'max_depth': 5, 'learning_rate': 0.1}",0.929,0.931,0.949,0.9363333333333334,0.00899382504215465,35,-0.45619288767917154,-0.5384364102267185,-0.3790856294146938,-0.457904975773528,0.0650659474204575,30,GradientBoosting,high,0.8,0.1,,,
0.07026076316833496,0.0013449970762798816,0.0010162194569905598,3.323657230219788e-05,50.0,,40,3,"{'subsample': 1.0, 'n_estimators': 50, 'min_samples_leaf': 40, 'max_depth': 3, 'learning_rate': 0.1}",0.94,0.946,0.957,0.9476666666666667,0.007039570693980965,16,-0.4331514964163935,-0.5036394666408015,-0.36116181636187716,-0.43265092647302406,0.05816733410286809,3,GradientBoosting,high,1.0,0.1,,,
0.2784939606984456,0.005759002649728126,0.0017700990041097004,7.45993239216624e-05,200.0,,9,3,"{'subsample': 1.0, 'n_estimators': 200, 'min_samples_leaf': 9, 'max_depth': 3, 'learning_rate': 0.05}",0.936,0.94,0.953,0.943,0.007257180352359052,23,-0.4414108870311634,-0.525891206096258,-0.3626081302336706,-0.44330340778703065,0.06667346769590536,21,GradientBoosting,high,1.0,0.05,,,
0.033279736836751304,0.00020459901474881257,0.0007900396982828776,9.820845574222298e-05,30.0,,20,2,"{'subsample': 1.0, 'n_estimators': 30, 'min_samples_leaf': 20, 'max_depth': 2, 'learning_rate': 0.1}",0.945,0.952,0.963,0.9533333333333333,0.007408703590297629,5,-0.44885859237180326,-0.5198790338476444,-0.3688822387709798,-0.44587328833014245,0.06168031593640405,23,GradientBoosting,high,1.0,0.1,,,
0.14381090799967447,0.0023936944678528437,0.0016376972198486328,4.5302039629034504e-05,100.0,,40,3,"{'subsample': 0.8, 'n_estimators': 100, 'min_samples_leaf': 40, 'max_depth': 3, 'learning_rate': 0.1}",0.935,0.942,0.955,0.944,0.008286535263104003,21,-0.4404782080010464,-0.5106149978520939,-0.36894011725207987,-0.44001110770174007,0.05783947086707176,15,GradientBoosting,high,0.8,0.1,,,
0.08063578605651855,0.0012638777490834852,0.0011548995971679688,9.969964482447582e-06,30.0,,9,5,"{'subsample': 0.8, 'n_estimators': 30, 'min_samples_leaf': 9, 'max_depth': 5, 'learning_rate': 0.05}",0.956,0.959,0.97,0.9616666666666666,0.0060184900284226015,1,-0.47239208454982273,-0.5367589497311339,-0.39586309222336935,-0.4683380421681087,0.057591880853911016,36,GradientBoosting,high,0.8,0.05,,,
0.13175185521443686,0.009104749645622258,0.0014440218607584636,1.9545800117366947e-05,50.0,,9,5,"{'subsample': 1.0, 'n_estimators': 50, 'min_samples_leaf': 9, 'max_depth': 5, 'learning_rate': 0.05}",0.948,0.951,0.959,0.9526666666666667,0.004642796092394711,6,-0.4681392396735727,-0.5309410140775349,-0.3833472040874327,-0.4608091526128468,0.060477438322551126,31,GradientBoosting,high,1.0,0.05,,,
0.11385647455851237,0.0011065314627964312,0.0012011528015136719,3.75239840741197e-05,100.0,,9,2,"{'subsample': 0.8, 'n_estimators': 100, 'min_samples_leaf': 9, 'max_depth': 2, 'learning_rate': 0.05}",0.939,0.952,0.957,0.9493333333333333,0.007586537784494035,12,-0.44031159581080415,-0.5110971586916188,-0.36754326568155343,-0.4396506733946588,0.058607494761998044,13,GradientBoosting,high,0.8,0.05,,,
0.07752418518066406,0.0010044772144457035,0.0010840098063151042,1.5210698426908167e-05,50.0,,9,3,"{'subsample': 0.8, 'n_estimators': 50, 'min_samples_leaf': 9, 'max_depth': 3, 'learning_rate': 0.1}",0.937,0.946,0.956,0.9463333333333334,0.007760297817881839,17,-0.43716028733299217,-0.507774390090241,-0.3703279061771559,-0.4384208612001297,0.056119371402237266,10,GradientBoosting,high,0.8,0.1,,,
0.2075951894124349,0.007786286131842253,0.001760244369506836,2.8299257596686828e-05,100.0,,20,5,"{'subsample': 1.0, 'n_estimators': 100, 'min_samples_leaf': 20, 'max_depth': 5, 'learning_rate': 0.1}",0.93,0.939,0.95,0.9396666666666667,0.008178562764256828,32,-0.45757892780854603,-0.5421219373140532,-0.372089529410355,-0.45726346484431807,0.06941579825968415,29,GradientBoosting,high,1.0,0.1,,,
0.05399735768636068,0.001150091988212478,0.0008173783620198568,7.74850193184923e-06,50.0,,40,2,"{'subsample': 1.0, 'n_estimators': 50, 'min_samples_leaf': 40, 'max_depth': 2, 'learning_rate': 0.1}",0.937,0.95,0.962,0.9496666666666668,0.010208928554075666,11,-0.44453612153851146,-0.5150768448861098,-0.3629211654537921,-0.4408447106261378,0.06217211369400568,16,GradientBoosting,high,1.0,0.1,,,
0.4318844477335612,0.00998910245132701,0.003489255905151367,0.00014068729986372588,200.0,,20,5,"{'subsample': 0.8, 'n_estimators': 200, 'min_samples_leaf': 20, 'max_depth': 5, 'learning_rate': 0.1}",0.919,0.923,0.941,0.9276666666666666,0.00956846672960484,38,-0.46745458792282113,-0.5495943484397394,-0.3785513488827352,-0.46520009508176524,0.0698462071403648,34,GradientBoosting,high,0.8,0.1,,,
0.6496577262878418,0.006941879734613499,0.004978338877360026,8.237613970697961e-05,300.0,,20,5,"{'subsample': 0.8, 'n_estimators': 300, 'min_samples_leaf': 20, 'max_depth': 5, 'learning_rate': 0.1}",0.914,0.921,0.935,0.9233333333333333,0.008730533902472538,39,-0.4768622181961339,-0.5526285024767008,-0.38393408691275066,-0.4711416025285285,0.06898790011457573,38,GradientBoosting,high,0.8,0.1,,,
0.08186205228169759,0.005074667050166169,0.0011090437571207683,3.9618794841345654e-05,30.0,,9,5,"{'subsample': 1.0, 'n_estimators': 30, 'min_samples_leaf': 9, 'max_depth': 5, 'learning_rate': 0.05}",0.959,0.958,0.966,0.961,0.0035590260840104404,2,-0.4762193717484988,-0.5474820285404327,-0.3963519175968124,-0.47335110596191465,0.06173193565691702,39,GradientBoosting,high,1.0,0.05,,,
0.14683294296264648,0.0010694132061029227,0.0016320546468098958,1.4495030458070945e-05,100.0,,20,3,"{'subsample': 0.8, 'n_estimators': 100, 'min_samples_leaf': 20, 'max_depth': 3, 'learning_rate': 0.05}",0.939,0.945,0.954,0.9460000000000001,0.006164414002968982,19,-0.43033275439264673,-0.5051039945106133,-0.36192163407937056,-0.4324527943275435,0.05847317340262252,2,GradientBoosting,high,0.8,0.05,,,
0.226820707321167,0.0003325303049906357,0.0018575986226399739,4.882415636974901e-05,200.0,,40,2,"{'subsample': 0.8, 'n_estimators': 200, 'min_samples_leaf': 40, 'max_depth': 2, 'learning_rate': 0.05}",0.935,0.942,0.955,0.944,0.008286535263104003,21,-0.4314882572180287,-0.5017807365537073,-0.36507632169322946,-0.43278177182165517,0.055816838233689256,4,GradientBoosting,high,0.8,0.05,,,
0.20708521207173666,0.0038053468824173252,0.0013502438863118489,7.255040755179384e-05,200.0,,20,2,"{'subsample': 1.0, 'n_estimators': 200, 'min_samples_leaf': 20, 'max_depth': 2, 'learning_rate': 0.1}",0.937,0.939,0.95,0.9419999999999998,0.005715476066494056,26,-0.43014093413635723,-0.5069427827156625,-0.36415878740569313,-0.4337475014192376,0.05834708118860101,5,GradientBoosting,high,1.0,0.1,,,
0.044634103775024414,0.0006138456931599991,0.0008745193481445312,3.0764928403053815e-05,30.0,,20,3,"{'subsample': 1.0, 'n_estimators': 30, 'min_samples_leaf': 20, 'max_depth': 3, 'learning_rate': 0.1}",0.945,0.952,0.958,0.9516666666666665,0.005312459150169748,9,-0.4373885035980526,-0.51086192561639,-0.3651518052210279,-0.4378007448118235,0.05948662176501804,9,GradientBoosting,high,1.0,0.1,,,
0.46133605639139813,0.0070365270400709725,0.003539880116780599,7.049596556130717e-05,200.0,,9,5,"{'subsample': 0.8, 'n_estimators': 200, 'min_samples_leaf': 9, 'max_depth': 5, 'learning_rate': 0.05}",0.919,0.926,0.947,0.9306666666666668,0.011897712198383124,37,-0.48786997985983444,-0.5403682578969434,-0.3834595218176206,-0.47056591985813284,0.06521585049617674,37,GradientBoosting,high,0.8,0.05,,,
0.33715391159057617,0.0006428825131087537,0.002374569574991862,0.0001862769239318821,300.0,,9,2,"{'subsample': 0.8, 'n_estimators': 300, 'min_samples_leaf': 9, 'max_depth': 2, 'learning_rate': 0.05}",0.93,0.94,0.953,0.941,0.009416297927883654,29,-0.44630768550490746,-0.5124535853566773,-0.3643931045637743,-0.4410514584751197,0.060559598386481533,17,GradientBoosting,high,0.8,0.05,,,
0.13916937510172525,0.003168127426495567,0.001336971918741862,5.250997431675038e-05,100.0,,40,3,"{'subsample': 1.0, 'n_estimators': 100, 'min_samples_leaf': 40, 'max_depth': 3, 'learning_rate': 0.05}",0.941,0.948,0.956,0.9483333333333333,0.006128258770283417,14,-0.4346291836475759,-0.5077538275777554,-0.35959338197463503,-0.43399213106665546,0.06048792599806976,6,GradientBoosting,high,1.0,0.05,,,
0.12467765808105469,0.00456805837658077,0.0014801025390625,1.1845988914440534e-05,50.0,,40,5,"{'subsample': 1.0, 'n_estimators': 50, 'min_samples_leaf': 40, 'max_depth': 5, 'learning_rate': 0.05}",0.944,0.953,0.961,0.9526666666666666,0.006944222218666559,7,-0.4443930407912917,-0.5125516023983011,-0.3820017485404466,-0.44631546391001314,0.053314087372615615,24,GradientBoosting,high,1.0,0.05,,,
0.14096339543660483,0.0023577911875774242,0.0013241767883300781,2.4544379256498694e-05,100.0,,20,3,"{'subsample': 1.0, 'n_estimators': 100, 'min_samples_leaf': 20, 'max_depth': 3, 'learning_rate': 0.05}",0.939,0.944,0.955,0.9460000000000001,0.006683312551921146,19,-0.4304953087945732,-0.5043489464895596,-0.36145412797712173,-0.4320994610870848,0.05834759216887943,1,GradientBoosting,high,1.0,0.05,,,
0.11393523216247559,0.0021945564707774577,0.0013268788655598958,3.0321577935944673e-05,50.0,,20,5,"{'subsample': 1.0, 'n_estimators': 50, 'min_samples_leaf': 20, 'max_depth': 5, 'learning_rate': 0.1}",0.933,0.942,0.954,0.943,0.008602325267042592,23,-0.44932714155362463,-0.5226274581028538,-0.3746236441575839,-0.4488594146046874,0.06042320918300952,27,GradientBoosting,high,1.0,0.1,,,
0.07250666618347168,0.0059597517763654686,0.001538991928100586,3.3211859255207206e-05,,,9,3,"{'min_samples_leaf': 9, 'max_iter': 100, 'max_depth': 3, 'learning_rate': 0.1, 'l2_regularization': 1.0}",0.936,0.929,0.931,0.932,0.0029439202887759515,23,-0.09275639111634294,-0.09884828055417735,-0.08794061236635604,-0.09318176134562545,0.004463183557198616,17,HistGradientBoosting,low,,0.1,100.0,1.0,
0.06015308698018392,0.0015124021422176373,0.0012596448262532551,1.687259534054511e-05,,,20,6,"{'min_samples_leaf': 20, 'max_iter': 50, 'max_depth': 6, 'learning_rate': 0.05, 'l2_regularization': 0.0}",0.976,0.967,0.97,0.9710000000000001,0.0037416573867739447,1,-0.18766312518433892,-0.19254186419240374,-0.16775152747041755,-0.18265217228238673,0.010722948457601,33,HistGradientBoosting,low,,0.05,50.0,0.0,
0.17880860964457193,0.0017671629508552173,0.0024562676747639975,5.5542944288943044e-05,,,9,,"{'min_samples_leaf': 9, 'max_iter': 100, 'max_depth': None, 'learning_rate': 0.05, 'l2_regularization': 1.0}",0.954,0.942,0.948,0.948,0.00489897948556636,13,-0.1241094521667987,-0.12930498896189244,-0.12173551202014474,-0.12504998438294532,0.0031609804312501674,30,HistGradientBoosting,low,,0.05,100.0,1.0,
0.0358270009358724,0.0006839101206145612,0.0010109742482503254,2.7223833803821106e-05,,,40,3,"{'min_samples_leaf': 40, 'max_iter': 50, 'max_depth': 3, 'learning_rate': 0.05, 'l2_regularization': 0.0}",0.973,0.961,0.97,0.968,0.00509901951359279,2,-0.1928381761615749,-0.21101016055887786,-0.19369022573160907,-0.19917952081735393,0.008372754410895009,35,HistGradientBoosting,low,,0.05,50.0,0.0,
0.38072601954142254,0.003119049006699187,0.005106210708618164,0.0001394218088497274,,,9,,"{'min_samples_leaf': 9, 'max_iter': 200, 'max_depth': None, 'learning_rate': 0.05, 'l2_regularization': 0.0}",0.911,0.917,0.916,0.9146666666666667,0.002624669291337273,33,-0.08827935486874725,-0.090698294203897,-0.08039332637935367,-0.08645699181733264,0.004399912558569708,7,HistGradientBoosting,low,,0.05,200.0,0.0,
0.08430027961730957,0.0016752303616977657,0.0014714399973551433,1.5739639489717016e-05,,,20,,"{'min_samples_leaf': 20, 'max_iter': 50, 'max_depth': None, 'learning_rate': 0.1, 'l2_regularization': 1.0}",0.951,0.939,0.944,0.9446666666666665,0.004921607686744472,16,-0.12366613557388777,-0.1288031817584567,-0.12112885507971034,-0.1245327241373516,0.0031923924462983633,29,HistGradientBoosting,low,,0.1,50.0,1.0,
0.3304331302642822,0.006981024495033937,0.005676587422688802,0.00024452436463116926,,,40,,"{'min_samples_leaf': 40, 'max_iter': 200, 'max_depth': None, 'learning_rate': 0.1, 'l2_regularization': 1.0}",0.91,0.91,0.919,0.9129999999999999,0.004242640687119289,35,-0.08679316580330985,-0.09052824193764596,-0.07907989344107125,-0.08546710039400902,0.004766900315513513,5,HistGradientBoosting,low,,0.1,200.0,1.0,
0.12438154220581055,0.0017713267645847015,0.0027610460917154946,0.00026692500064563616,,,20,3,"{'min_samples_leaf': 20, 'max_iter': 200, 'max_depth': 3, 'learning_rate': 0.05, 'l2_regularization': 0.0}",0.937,0.927,0.932,0.932,0.004082482904638634,23,-0.08632233070837302,-0.10314079834685173,-0.08671358305975436,-0.09205890403832638,0.007837710367176138,15,HistGradientBoosting,low,,0.05,200.0,0.0,
0.30926044782002765,0.0675222042730696,0.004643042882283528,0.0012967598620659607,,,20,6,"{'min_samples_leaf': 20, 'max_iter': 200, 'max_depth': 6, 'learning_rate': 0.05, 'l2_regularization': 0.0}",0.927,0.919,0.931,0.9256666666666667,0.004988876515698593,26,-0.0853383553036387,-0.0913102839746923,-0.07833105234255042,-0.0849932305402938,0.005304365922954634,4,HistGradientBoosting,low,,0.05,200.0,0.0,
0.0600733757019043,0.00026375805355621535,0.0015538533528645833,5.544529299308015e-05,,,40,3,"{'min_samples_leaf': 40, 'max_iter': 100, 'max_depth': 3, 'learning_rate': 0.1, 'l2_regularization': 1.0}",0.944,0.932,0.93,0.9353333333333333,0.006182412330330423,20,-0.09318925598052112,-0.09861646241186744,-0.08589593646803143,-0.09256721828680665,0.005211726728654174,16,HistGradientBoosting,low,,0.1,100.0,1.0,
0.10019914309183757,0.007279636380561124,0.0022087891896565757,0.0005869781274207078,,,40,6,"{'min_samples_leaf': 40, 'max_iter': 100, 'max_depth': 6, 'learning_rate': 0.05, 'l2_regularization': 1.0}",0.959,0.948,0.951,0.9526666666666667,0.004642796092394711,7,-0.12247166703632971,-0.1275805102089087,-0.12095584110771002,-0.12366933945098281,0.002834004773544545,24,HistGradientBoosting,low,,0.05,100.0,1.0,
0.16788434982299805,0.001584643987782171,0.0025240580240885415,1.834566889321333e-05,,,20,,"{'min_samples_leaf': 20, 'max_iter': 100, 'max_depth': None, 'learning_rate': 0.05, 'l2_regularization': 0.0}",0.953,0.945,0.952,0.9499999999999998,0.0035590260840104404,10,-0.12128741603285703,-0.11666049492869476,-0.10984871482956629,-0.11593220859703936,0.004698139492763657,22,HistGradientBoosting,low,,0.05,100.0,0.0,
0.100495179494222,0.001371480881476253,0.0015858809153238933,1.7880157145395626e-05,,,9,,"{'min_samples_leaf': 9, 'max_iter': 50, 'max_depth': None, 'learning_rate': 0.1, 'l2_regularization': 0.0}",0.948,0.938,0.95,0.9453333333333332,0.005249338582674546,15,-0.12300825718622346,-0.12067899080262402,-0.11856781261288346,-0.12075168686724365,0.0018135325639176438,23,HistGradientBoosting,low,,0.1,50.0,0.0,
0.11409600575764973,0.0017266373836112602,0.0024474461873372397,8.775905458752725e-06,,,9,3,"{'min_samples_leaf': 9, 'max_iter': 200, 'max_depth': 3, 'learning_rate': 0.05, 'l2_regularization': 1.0}",0.939,0.927,0.932,0.9326666666666666,0.004921607686744424,22,-0.08750975171413017,-0.1024463947944322,-0.08556652408505433,-0.09184089019787223,0.007541068855069191,13,HistGradientBoosting,low,,0.05,200.0,1.0,
0.154371976852417,0.0006203494129830499,0.0023040771484375,3.203042177699877e-05,,,20,,"{'min_samples_leaf': 20, 'max_iter': 100, 'max_depth': None, 'learning_rate': 0.05, 'l2_regularization': 1.0}",0.958,0.943,0.947,0.9493333333333333,0.006342099196813488,11,-0.12303051206766122,-0.12887630478991144,-0.12120987731249874,-0.1243722313900238,0.003270441929526541,26,HistGradientBoosting,low,,0.05,100.0,1.0,
0.3715023994445801,0.006698140423965447,0.005928834279378255,0.00015909176315906295,,,20,,"{'min_samples_leaf': 20, 'max_iter': 200, 'max_depth': None, 'learning_rate': 0.1, 'l2_regularization': 0.0}",0.898,0.904,0.921,0.9076666666666666,0.009741092797468313,36,-0.08700502953526669,-0.08979951935240695,-0.07713804057693438,-0.084647529821536,0.005431182490680752,3,HistGradientBoosting,low,,0.1,200.0,0.0,
0.12209630012512207,0.0023056346404023535,0.002074639002482096,9.166635421305474e-06,,,20,6,"{'min_samples_leaf': 20, 'max_iter': 100, 'max_depth': 6, 'learning_rate': 0.05, 'l2_regularization': 0.0}",0.962,0.952,0.95,0.9546666666666667,0.005249338582674546,5,-0.11323556269264361,-0.11391297520705838,-0.1051263829798547,-0.11075830695985223,0.003991962567962851,21,HistGradientBoosting,low,,0.05,100.0,0.0,
0.07146986325581868,0.004353493477358682,0.0012649695078531902,1.2472935560107836e-05,,,20,,"{'min_samples_leaf': 20, 'max_iter': 50, 'max_depth': None, 'learning_rate': 0.05, 'l2_regularization': 1.0}",0.968,0.962,0.965,0.965,0.00244948974278318,4,-0.1923443976896746,-0.2002984540595178,-0.18633319558442565,-0.1929920157778727,0.005719654299585725,34,HistGradientBoosting,low,,0.05,50.0,1.0,
0.06267817815144856,0.0011246740612889338,0.0015333493550618489,2.35872448596243e-05,,,20,3,"{'min_samples_leaf': 20, 'max_iter': 100, 'max_depth': 3, 'learning_rate': 0.1, 'l2_regularization': 1.0}",0.938,0.928,0.934,0.9333333333333335,0.004109609335312613,21,-0.0926517071504258,-0.09851941155456725,-0.08466329624206088,-0.0919448049823513,0.005678777209622372,14,HistGradientBoosting,low,,0.1,100.0,1.0,
0.03989656766255697,0.0021410543850634636,0.0009867350260416667,2.0514468296880292e-05,,,9,3,"{'min_samples_leaf': 9, 'max_iter': 50, 'max_depth': 3, 'learning_rate': 0.05, 'l2_regularization': 1.0}",0.968,0.964,0.965,0.9656666666666666,0.0016996731711975963,3,-0.20769306037847662,-0.21201363860547354,-0.19557181871215049,-0.20509283923203356,0.006959608363451003,36,HistGradientBoosting,low,,0.05,50.0,1.0,
0.17544285456339517,0.001917340238232785,0.0028826395670572915,1.576850487421151e-05,,,20,,"{'min_samples_leaf': 20, 'max_iter': 100, 'max_depth': None, 'learning_rate': 0.1, 'l2_regularization': 1.0}",0.916,0.911,0.918,0.915,0.0029439202887759515,32,-0.08766120930191662,-0.09183730792252753,-0.08114561554289136,-0.08688137758911184,0.004399558660473008,11,HistGradientBoosting,low,,0.1,100.0,1.0,
0.11235308647155762,0.004021748073399304,0.002486546834309896,2.6527988189225003e-05,,,40,3,"{'min_samples_leaf': 40, 'max_iter': 200, 'max_depth': 3, 'learning_rate': 0.05, 'l2_regularization': 0.0}",0.946,0.939,0.93,0.9383333333333334,0.006548960901462793,18,-0.09176454411500515,-0.10338555811963661,-0.08665158292783534,-0.09393389505415901,0.007001716173094562,19,HistGradientBoosting,low,,0.05,200.0,0.0,
0.2970133622487386,0.0046987830213846525,0.0049512386322021484,3.517030978003686e-05,,,40,,"{'min_samples_leaf': 40, 'max_iter': 200, 'max_depth': None, 'learning_rate': 0.05, 'l2_regularization': 0.0}",0.93,0.923,0.925,0.9260000000000002,0.0029439202887759515,25,-0.08690119581751449,-0.09140123799695285,-0.0814515626575263,-0.08658466549066456,0.004068099755074843,8,HistGradientBoosting,low,,0.05,200.0,0.0,
0.12871877352396646,0.0021697442073213033,0.002006371815999349,4.2983430846052925e-05,,,9,6,"{'min_samples_leaf': 9, 'max_iter': 100, 'max_depth': 6, 'learning_rate': 0.1, 'l2_regularization': 1.0}",0.921,0.909,0.923,0.9176666666666667,0.006182412330330475,30,-0.08795003655140536,-0.0918454862000511,-0.0804781036259963,-0.08675787545915092,0.004716657198952463,10,HistGradientBoosting,low,,0.1,100.0,1.0,
0.1214582125345866,0.0012788863898439689,0.0024824937184651694,4.0695536519060816e-05,,,9,3,"{'min_samples_leaf': 9, 'max_iter': 200, 'max_depth': 3, 'learning_rate': 0.1, 'l2_regularization': 0.0}",0.923,0.922,0.925,0.9233333333333335,0.0012472191289246482,27,-0.08470706706243677,-0.08887859388226835,-0.07820870766191165,-0.08393145620220559,0.004390352844113317,1,HistGradientBoosting,low,,0.1,200.0,0.0,
0.06591343879699707,0.0009281467783602425,0.0015019575754801433,2.3892930747057088e-05,,,9,3,"{'min_samples_leaf': 9, 'max_iter': 100, 'max_depth': 3, 'learning_rate': 0.05, 'l2_regularization': 0.0}",0.959,0.951,0.948,0.9526666666666666,0.004642796092394711,8,-0.12794711972000064,-0.15962356920734758,-0.12633182617221692,-0.13796750503318836,0.015327342234230828,32,HistGradientBoosting,low,,0.05,100.0,0.0,
0.11545658111572266,0.006060588747494276,0.0018583933512369792,4.711621394433428e-05,,,9,6,"{'min_samples_leaf': 9, 'max_iter': 100, 'max_depth': 6, 'learning_rate': 0.05, 'l2_regularization': 1.0}",0.959,0.944,0.948,0.9503333333333334,0.006342099196813488,9,-0.12336967461053325,-0.12880674061972097,-0.12124056034992994,-0.12447232519339473,0.0031857651827734493,28,HistGradientBoosting,low,,0.05,100.0,1.0,
0.19758065541585287,0.005972347057411454,0.0028275648752848306,5.24048640823234e-05,,,9,,"{'min_samples_leaf': 9, 'max_iter': 100, 'max_depth': None, 'learning_rate': 0.1, 'l2_regularization': 0.0}",0.91,0.912,0.922,0.9146666666666667,0.005249338582674546,33,-0.08860156305417692,-0.09091533441713501,-0.08063834047523187,-0.08671841264884794,0.0044018058951068775,9,HistGradientBoosting,low,,0.1,100.0,0.0,
0.06590739885965984,0.0012639732782395079,0.0015145937601725261,3.4913649278212455e-05,,,9,3,"{'min_samples_leaf': 9, 'max_iter': 100, 'max_depth': 3, 'learning_rate': 0.1, 'l2_regularization': 0.0}",0.953,0.933,0.933,0.9396666666666667,0.00942809041582059,17,-0.09514221534648071,-0.10561760652985165,-0.09751421930010827,-0.09942468039214687,0.0044848523795331646,20,HistGradientBoosting,low,,0.1,100.0,0.0,
0.12158854802449544,0.0019232454674289728,0.002496004104614258,2.59522392535871e-05,,,9,3,"{'min_samples_leaf': 9, 'max_iter': 200, 'max_depth': 3, 'learning_rate': 0.05, 'l2_regularization': 0.0}",0.94,0.934,0.935,0.9363333333333334,0.0026246692913372213,19,-0.09105541937958624,-0.10492996303713609,-0.0853325622294572,-0.09377264821539318,0.008228083171424103,18,HistGradientBoosting,low,,0.05,200.0,0.0,
0.37533847490946454,0.001895017552867584,0.004953225453694661,8.272227618232722e-05,,,9,,"{'min_samples_leaf': 9, 'max_iter': 200, 'max_depth': None, 'learning_rate': 0.05, 'l2_regularization': 1.0}",0.913,0.913,0.92,0.9153333333333333,0.003299831645537225,31,-0.08845364688845359,-0.09199304950443121,-0.08132644467176564,-0.08725771368821682,0.0044359746639367065,12,HistGradientBoosting,low,,0.05,200.0,1.0,
0.11006522178649902,0.0009957431052609687,0.002491156260172526,3.062253361515538e-05,,,40,3,"{'min_samples_leaf': 40, 'max_iter': 200, 'max_depth': 3, 'learning_rate': 0.1, 'l2_regularization': 1.0}",0.924,0.919,0.924,0.9223333333333333,0.0023570226039551605,29,-0.08532830666190297,-0.08982584578229921,-0.07837257978328124,-0.08450891074249449,0.004711537807384672,2,HistGradientBoosting,low,,0.1,200.0,1.0,
0.06174691518147787,0.0005417280524859399,0.0012544790903727214,7.760792299702254e-05,,,9,6,"{'min_samples_leaf': 9, 'max_iter': 50, 'max_depth': 6, 'learning_rate': 0.1, 'l2_regularization': 1.0}",0.958,0.938,0.944,0.9466666666666667,0.008379870059984364,14,-0.12357250724761992,-0.12876917822319797,-0.12103436154017679,-0.12445868233699824,0.0032192987845970126,27,HistGradientBoosting,low,,0.1,50.0,1.0,
0.11695496241251628,0.0008034668933972294,0.002012173334757487,4.895166903951802e-06,,,20,6,"{'min_samples_leaf': 20, 'max_iter': 100, 'max_depth': 6, 'learning_rate': 0.1, 'l2_regularization': 1.0}",0.93,0.914,0.923,0.9223333333333334,0.00654896090146284,28,-0.08658664627395547,-0.09142829784380291,-0.08094651823954714,-0.08632048745243516,0.004283305289668471,6,HistGradientBoosting,low,,0.1,100.0,1.0,
0.05830963452657064,0.0005622902351117918,0.0013733704884847004,1.682085834157658e-05,,,40,,"{'min_samples_leaf': 40, 'max_iter': 50, 'max_depth': None, 'learning_rate': 0.1, 'l2_regularization': 1.0}",0.956,0.945,0.947,0.9493333333333333,0.004784233364802446,11,-0.12252065673702514,-0.1285111840788721,-0.12111075809211386,-0.12404753296933703,0.0032083318061957486,25,HistGradientBoosting,low,,0.1,50.0,1.0,
0.05548795064290365,0.0012479367044314804,0.0014564196268717449,1.3532340219925286e-05,,,40,3,"{'min_samples_leaf': 40, 'max_iter': 100, 'max_depth': 3, 'learning_rate': 0.05, 'l2_regularization': 1.0}",0.961,0.948,0.951,0.9533333333333333,0.005557777333511028,6,-0.1298462182161522,-0.13687356366445202,-0.12894021929565683,-0.13188666705875365,0.003545613423930001,31,HistGradientBoosting,low,,0.05,100.0,1.0,
0.06438891092936198,0.0017804520174509605,0.0019156138102213542,0.0005623827946779795,,,9,3,"{'min_samples_leaf': 9, 'max_iter': 100, 'max_depth': 3, 'learning_rate': 0.1, 'l2_regularization': 1.0}",0.932,0.933,0.949,0.9380000000000001,0.0077888809636985695,15,-0.4641206693372506,-0.5240384498426699,-0.37255775178800116,-0.4535722903226405,0.06228992265024004,14,HistGradientBoosting,high,,0.1,100.0,1.0,
0.09438149134318034,0.004422845516864716,0.0013426939646402996,2.9054694931567098e-05,,,20,6,"{'min_samples_leaf': 20, 'max_iter': 50, 'max_depth': 6, 'learning_rate': 0.05, 'l2_regularization': 0.0}",0.943,0.948,0.957,0.9493333333333333,0.005792715732327594,3,-0.46425336610137347,-0.5329971803436092,-0.37003313959538536,-0.4557612286801227,0.06680023424476517,16,HistGradientBoosting,high,,0.05,50.0,0.0,
0.20497536659240723,0.0014655086151734865,0.0031332969665527344,0.00010307038588512698,,,9,,"{'min_samples_leaf': 9, 'max_iter': 100, 'max_depth': None, 'learning_rate': 0.05, 'l2_regularization': 1.0}",0.925,0.925,0.936,0.9286666666666666,0.005185449728701353,28,-0.49904569934738013,-0.55404807717101,-0.386667040943781,-0.47992027248739033,0.0696584011997493,29,HistGradientBoosting,high,,0.05,100.0,1.0,
0.04122010866800944,0.0008015797230920735,0.0009950796763102214,1.0584519953178019e-05,,,40,3,"{'min_samples_leaf': 40, 'max_iter': 50, 'max_depth': 3, 'learning_rate': 0.05, 'l2_regularization': 0.0}",0.952,0.956,0.963,0.957,0.004546060565661956,1,-0.431468721890308,-0.5142094217716365,-0.3641822504399751,-0.43662013136730654,0.06135655791706217,2,HistGradientBoosting,high,,0.05,50.0,0.0,
0.39411179224650067,0.0038693101188006,0.005982001622517903,0.00015159576622953392,,,9,,"{'min_samples_leaf': 9, 'max_iter': 200, 'max_depth': None, 'learning_rate': 0.05, 'l2_regularization': 0.0}",0.912,0.918,0.934,0.9213333333333334,0.009285592184789422,33,-0.5239439718152805,-0.5597685019151194,-0.39700211117441986,-0.49357152830160667,0.06983355679724948,34,HistGradientBoosting,high,,0.05,200.0,0.0,
0.10781796773274739,0.0004274917296862758,0.002807060877482096,0.0012537931177451095,,,20,,"{'min_samples_leaf': 20, 'max_iter': 50, 'max_depth': None, 'learning_rate': 0.1, 'l2_regularization': 1.0}",0.923,0.927,0.941,0.9303333333333333,0.007717224601860106,24,-0.4957951733771581,-0.5542575018694413,-0.37893852297378106,-0.4763303994067935,0.07288504263355311,28,HistGradientBoosting,high,,0.1,50.0,1.0,
0.37728142738342285,0.004265474328135165,0.006373961766560872,0.00033776328141003377,,,40,,"{'min_samples_leaf': 40, 'max_iter': 200, 'max_depth': None, 'learning_rate': 0.1, 'l2_regularization': 1.0}",0.926,0.924,0.94,0.93,0.007118052168020829,26,-0.47227842805127934,-0.5453015897936031,-0.37984701355855655,-0.465809010467813,0.06770127631579607,22,HistGradientBoosting,high,,0.1,200.0,1.0,
0.11493309338887532,0.007103924475417351,0.002453486124674479,2.9674786962165742e-05,,,20,3,"{'min_samples_leaf': 20, 'max_iter': 200, 'max_depth': 3, 'learning_rate': 0.05, 'l2_regularization': 0.0}",0.937,0.939,0.954,0.9433333333333334,0.0075865377844940044,7,-0.45291428570050757,-0.5128835838308309,-0.36166969718587777,-0.44248918890573874,0.062171386027943795,8,HistGradientBoosting,high,,0.05,200.0,0.0,
0.2669804096221924,0.0010955240227096693,0.0037232240041097007,5.080435812287447e-05,,,20,6,"{'min_samples_leaf': 20, 'max_iter': 200, 'max_depth': 6, 'learning_rate': 0.05, 'l2_regularization': 0.0}",0.922,0.926,0.936,0.928,0.005887840577551903,29,-0.490034280112517,-0.5500729142764091,-0.38341004819725527,-0.47450574752872715,0.06892014328474108,25,HistGradientBoosting,high,,0.05,200.0,0.0,
0.06017525990804037,0.0014723226625655735,0.0015451113382975261,6.317877415933928e-05,,,40,3,"{'min_samples_leaf': 40, 'max_iter': 100, 'max_depth': 3, 'learning_rate': 0.1, 'l2_regularization': 1.0}",0.934,0.942,0.952,0.9426666666666667,0.007363574011458137,9,-0.4381355894606821,-0.5103241031626654,-0.36140810721227024,-0.43662259994520597,0.0608041134322889,3,HistGradientBoosting,high,,0.1,100.0,1.0,
0.1214910348256429,0.0004258014466105092,0.002167304356892904,5.548218850447846e-05,,,40,6,"{'min_samples_leaf': 40, 'max_iter': 100, 'max_depth': 6, 'learning_rate': 0.05, 'l2_regularization': 1.0}",0.931,0.946,0.95,0.9423333333333334,0.008178562764256821,10,-0.45193726042891263,-0.5132638281217748,-0.36880954857022896,-0.4446702123736388,0.05919666212868924,10,HistGradientBoosting,high,,0.05,100.0,1.0,
0.19751930236816406,0.0014633357446089115,0.0032030741373697915,8.214764722954968e-05,,,20,,"{'min_samples_leaf': 20, 'max_iter': 100, 'max_depth': None, 'learning_rate': 0.05, 'l2_regularization': 0.0}",0.923,0.927,0.941,0.9303333333333333,0.007717224601860106,24,-0.48790668079318517,-0.5549988737813831,-0.3841483630246697,-0.47568463919974596,0.0702828000864663,26,HistGradientBoosting,high,,0.05,100.0,0.0,
0.10845112800598145,0.0015518672090096108,0.0018378893534342449,7.003024659035502e-05,,,9,,"{'min_samples_leaf': 9, 'max_iter': 50, 'max_depth': None, 'learning_rate': 0.1, 'l2_regularization': 0.0}",0.921,0.926,0.94,0.9289999999999999,0.008041558721209836,27,-0.5021323069847912,-0.5492781542459876,-0.38841022443904055,-0.4799402285566064,0.06752278118687172,30,HistGradientBoosting,high,,0.1,50.0,0.0,
0.11340729395548503,0.0023704581859716354,0.002509593963623047,8.479817439959889e-05,,,9,3,"{'min_samples_leaf': 9, 'max_iter': 200, 'max_depth': 3, 'learning_rate': 0.05, 'l2_regularization': 1.0}",0.932,0.934,0.95,0.9386666666666666,0.008055363982396336,13,-0.4653093476719534,-0.516042931808078,-0.37249129542709003,-0.4512811916357071,0.059438258993389115,13,HistGradientBoosting,high,,0.05,200.0,1.0,
0.1986253261566162,0.0016250174154440512,0.003118594487508138,5.330715745878057e-05,,,20,,"{'min_samples_leaf': 20, 'max_iter': 100, 'max_depth': None, 'learning_rate': 0.05, 'l2_regularization': 1.0}",0.924,0.928,0.94,0.9306666666666666,0.006798692684790335,23,-0.4893901471258647,-0.5537817947560293,-0.3849616968547623,-0.47604454624555204,0.06956356882253237,27,HistGradientBoosting,high,,0.05,100.0,1.0,
0.3898669083913167,0.00628513426287148,0.006297985712687175,0.00017073448747692295,,,20,,"{'min_samples_leaf': 20, 'max_iter': 200, 'max_depth': None, 'learning_rate': 0.1, 'l2_regularization': 0.0}",0.911,0.913,0.936,0.92,0.011343133018115714,35,-0.5283672902678822,-0.5628796060155359,-0.39374653639014556,-0.4949978108911879,0.07296867101996812,36,HistGradientBoosting,high,,0.1,200.0,0.0,
0.14099605878194174,0.00594050537792586,0.0020972092946370444,3.455525268987323e-05,,,20,6,"{'min_samples_leaf': 20, 'max_iter': 100, 'max_depth': 6, 'learning_rate': 0.05, 'l2_regularization': 0.0}",0.933,0.93,0.944,0.9356666666666666,0.00601849002842255,17,-0.4757833515826715,-0.5395676998220691,-0.37117012175426184,-0.46217372438633414,0.06941830949201262,18,HistGradientBoosting,high,,0.05,100.0,0.0,
0.10243312517801921,0.0011651258501776884,0.0016460418701171875,6.138093920515496e-05,,,20,,"{'min_samples_leaf': 20, 'max_iter': 50, 'max_depth': None, 'learning_rate': 0.05, 'l2_regularization': 1.0}",0.942,0.942,0.955,0.9463333333333334,0.006128258770283417,5,-0.4654098373743963,-0.5492965558493069,-0.3835241826213041,-0.4660768586150024,0.06767793150608073,23,HistGradientBoosting,high,,0.05,50.0,1.0,
0.06113274892171224,0.001407178074777216,0.0016241868336995442,0.00020513027381351866,,,20,3,"{'min_samples_leaf': 20, 'max_iter': 100, 'max_depth': 3, 'learning_rate': 0.1, 'l2_regularization': 1.0}",0.937,0.938,0.955,0.9433333333333334,0.008259674462242557,7,-0.4521040816464338,-0.5139336690909766,-0.36339477737307346,-0.443144176036828,0.06178295024418644,9,HistGradientBoosting,high,,0.1,100.0,1.0,
0.04142920176188151,0.0027896575822860497,0.0009813308715820312,1.2067843184322132e-05,,,9,3,"{'min_samples_leaf': 9, 'max_iter': 50, 'max_depth': 3, 'learning_rate': 0.05, 'l2_regularization': 1.0}",0.949,0.954,0.963,0.9553333333333334,0.005792715732327594,2,-0.4376257043608215,-0.51678912429196,-0.36291049398313124,-0.4391084408786376,0.06282943629179052,6,HistGradientBoosting,high,,0.05,50.0,1.0,
0.1964877446492513,0.0007239032070179361,0.0033135414123535156,4.3848281603136633e-05,,,20,,"{'min_samples_leaf': 20, 'max_iter': 100, 'max_depth': None, 'learning_rate': 0.1, 'l2_regularization': 1.0}",0.921,0.914,0.933,0.9226666666666666,0.007845734863959886,31,-0.5156537781426076,-0.561511104495554,-0.38359650228735953,-0.48692046164184033,0.07542150015115037,32,HistGradientBoosting,high,,0.1,100.0,1.0,
0.10782901446024577,0.0033333333423888694,0.0024421215057373047,1.3614236706433746e-05,,,40,3,"{'min_samples_leaf': 40, 'max_iter': 200, 'max_depth': 3, 'learning_rate': 0.05, 'l2_regularization': 0.0}",0.932,0.94,0.955,0.9423333333333334,0.009533566430716697,10,-0.4369623983536385,-0.5119789736363851,-0.3612662931779175,-0.4367358883893137,0.06152840261655315,4,HistGradientBoosting,high,,0.05,200.0,0.0,
0.3711138566335042,0.003361444177806326,0.006430625915527344,0.0003132738478132163,,,40,,"{'min_samples_leaf': 40, 'max_iter': 200, 'max_depth': None, 'learning_rate': 0.05, 'l2_regularization': 0.0}",0.925,0.928,0.942,0.9316666666666666,0.007408703590297578,22,-0.4653679570186467,-0.5271968229667835,-0.3769109829601549,-0.4564919209818617,0.06167412444139612,17,HistGradientBoosting,high,,0.05,200.0,0.0,
0.1403944492340088,0.0073199675058392465,0.0030634403228759766,0.0013900036398194183,,,9,6,"{'min_samples_leaf': 9, 'max_iter': 100, 'max_depth': 6, 'learning_rate': 0.1, 'l2_regularization': 1.0}",0.914,0.919,0.933,0.922,0.008041558721209886,32,-0.5052923228364594,-0.549271328514869,-0.3902048308902938,-0.4815894940805407,0.06706666203567689,31,HistGradientBoosting,high,,0.1,100.0,1.0,
0.11404101053873698,0.0008982869678558427,0.002459923426310221,9.942051572161359e-06,,,9,3,"{'min_samples_leaf': 9, 'max_iter': 200, 'max_depth': 3, 'learning_rate': 0.1, 'l2_regularization': 0.0}",0.925,0.925,0.951,0.9336666666666668,0.012256517540566782,20,-0.484312762802061,-0.5417695327504229,-0.36959513186909193,-0.4652258091405253,0.07157392416129181,21,HistGradientBoosting,high,,0.1,200.0,0.0,
0.06501309076944987,0.0019483126546250339,0.0014694531758626301,7.1401842261048e-06,,,9,3,"{'min_samples_leaf': 9, 'max_iter': 100, 'max_depth': 3, 'learning_rate': 0.05, 'l2_regularization': 0.0}",0.94,0.944,0.956,0.9466666666666667,0.006798692684790385,4,-0.44665704036941173,-0.5070611744646869,-0.359699830685255,-0.43780601517311785,0.060484691701779926,5,HistGradientBoosting,high,,0.05,100.0,0.0,
0.14880776405334473,0.0073276525101093936,0.002102454503377279,8.951198626554065e-06,,,9,6,"{'min_samples_leaf': 9, 'max_iter': 100, 'max_depth': 6, 'learning_rate': 0.05, 'l2_regularization': 1.0}",0.93,0.931,0.945,0.9353333333333333,0.0068475461947246664,18,-0.48596043351997126,-0.5372564778459379,-0.36844036954701925,-0.46388576030430945,0.07066440878538384,19,HistGradientBoosting,high,,0.05,100.0,1.0,
0.20155827204386392,0.002663676965684897,0.0032236576080322266,4.021342406914438e-05,,,9,,"{'min_samples_leaf': 9, 'max_iter': 100, 'max_depth': None, 'learning_rate': 0.1, 'l2_regularization': 0.0}",0.912,0.919,0.933,0.9213333333333334,0.008730533902472538,33,-0.51911210804021,-0.5629481366278912,-0.3973393287121893,-0.4931331911267635,0.07006067564528992,33,HistGradientBoosting,high,,0.1,100.0,0.0,
0.06591463088989258,0.002454783347617441,0.0014901161193847656,2.7869490044026293e-05,,,9,3,"{'min_samples_leaf': 9, 'max_iter': 100, 'max_depth': 3, 'learning_rate': 0.1, 'l2_regularization': 0.0}",0.932,0.931,0.951,0.9380000000000001,0.00920144916122813,15,-0.4650687374266164,-0.5169713358438446,-0.36809125474379356,-0.45004377600475154,0.0617016030930901,11,HistGradientBoosting,high,,0.1,100.0,0.0,
0.11327513058980306,0.0011503239003795172,0.0024242401123046875,2.411762337786129e-05,,,9,3,"{'min_samples_leaf': 9, 'max_iter': 200, 'max_depth': 3, 'learning_rate': 0.05, 'l2_regularization': 0.0}",0.934,0.932,0.949,0.9383333333333334,0.007586537784493983,14,-0.466851662936284,-0.5139076820038676,-0.3729370421793616,-0.4512321290398377,0.058601238340097256,12,HistGradientBoosting,high,,0.05,200.0,0.0,
0.38907742500305176,0.004496297245410636,0.005871216456095378,0.00014858870363257726,,,9,,"{'min_samples_leaf': 9, 'max_iter': 200, 'max_depth': None, 'learning_rate': 0.05, 'l2_regularization': 1.0}",0.912,0.914,0.932,0.9193333333333333,0.008993825042154702,36,-0.5160184236133275,-0.5674877237650223,-0.3974997805457686,-0.49366864264137283,0.07117401090331973,35,HistGradientBoosting,high,,0.05,200.0,1.0,
0.12288784980773926,0.010027586713998192,0.003090063730875651,0.00043657978398881645,,,40,3,"{'min_samples_leaf': 40, 'max_iter': 200, 'max_depth': 3, 'learning_rate': 0.1, 'l2_regularization': 1.0}",0.933,0.938,0.946,0.9390000000000001,0.0053541261347363,12,-0.4411694155628088,-0.5155933740163258,-0.36843634370379236,-0.44173304442764233,0.06007792800867844,7,HistGradientBoosting,high,,0.1,200.0,1.0,
0.09197529157002766,0.01154764622303628,0.001367012659708659,9.963697234384488e-05,,,9,6,"{'min_samples_leaf': 9, 'max_iter': 50, 'max_depth': 6, 'learning_rate': 0.1, 'l2_regularization': 1.0}",0.924,0.931,0.945,0.9333333333333332,0.008730533902472488,21,-0.4872190101760341,-0.5284228051955296,-0.37764432629364514,-0.4644287138884029,0.06362958236884277,20,HistGradientBoosting,high,,0.1,50.0,1.0,
0.13883773485819498,0.016718729623393717,0.002257108688354492,0.00017162472722212366,,,20,6,"{'min_samples_leaf': 20, 'max_iter': 100, 'max_depth': 6, 'learning_rate': 0.1, 'l2_regularization': 1.0}",0.922,0.92,0.938,0.9266666666666667,0.008055363982396336,30,-0.48871059308884185,-0.5483307410184007,-0.3834837891521073,-0.4735083744197833,0.06815159560004652,24,HistGradientBoosting,high,,0.1,100.0,1.0,
0.1163337230682373,0.012308758850781327,0.001970370610555013,0.0001250667501417725,,,40,,"{'min_samples_leaf': 40, 'max_iter': 50, 'max_depth': None, 'learning_rate': 0.1, 'l2_regularization': 1.0}",0.927,0.934,0.942,0.9343333333333333,0.006128258770283371,19,-0.4655275826920219,-0.5207939912271097,-0.3771752429483929,-0.4544989389558414,0.05914845419947478,15,HistGradientBoosting,high,,0.1,50.0,1.0,
0.06192374229431152,0.0018581014259629884,0.0014806588490804036,2.6783886534523985e-05,,,40,3,"{'min_samples_leaf': 40, 'max_iter': 100, 'max_depth': 3, 'learning_rate': 0.05, 'l2_regularization': 1.0}",0.937,0.945,0.956,0.9460000000000001,0.007788880963698579,6,-0.4272083283411457,-0.5081888718398969,-0.35620865404932944,-0.43053528474345737,0.062090246840623003,1,HistGradientBoosting,high,,0.05,100.0,1.0,
0.1763925552368164,0.0009034729995806944,0.026905536651611328,0.0010466690939034112,200.0,,80,12,"{'n_estimators': 200, 'min_samples_leaf': 80, 'max_depth': 12, 'honest_fraction': 0.4}",0.981,0.975,0.951,0.969,0.012961481396815732,10,-0.15243216067717164,-0.1579387342903867,-0.15053771017303474,-0.153636201713531,0.003139116182339059,15,HonestRF,low,,,,,0.4
0.21528116861979166,0.0005751420931957663,0.027215878168741863,0.0003491999292143418,200.0,,40,12,"{'n_estimators': 200, 'min_samples_leaf': 40, 'max_depth': 12, 'honest_fraction': 0.4}",0.987,0.98,0.964,0.977,0.009626352718795776,1,-0.11421333205248652,-0.11870922908519081,-0.10927255833327047,-0.11406503982364928,0.0038539314696283272,9,HonestRF,low,,,,,0.4
0.20172850290934244,0.0013210079096115837,0.026865243911743164,0.00036901132404220326,200.0,,40,12,"{'n_estimators': 200, 'min_samples_leaf': 40, 'max_depth': 12, 'honest_fraction': 0.5}",0.979,0.984,0.962,0.975,0.0094162979278837,4,-0.1191672983271703,-0.1232603653124879,-0.11646492897007989,-0.11963086420324602,0.0027935233143858876,12,HonestRF,low,,,,,0.5
0.201722780863444,0.0029463297475296212,0.027269840240478516,0.0010027802676060244,200.0,,40,,"{'n_estimators': 200, 'min_samples_leaf': 40, 'max_depth': None, 'honest_fraction': 0.5}",0.979,0.984,0.962,0.975,0.0094162979278837,4,-0.1191672983271703,-0.1232603653124879,-0.11646492897007989,-0.11963086420324602,0.0027935233143858876,12,HonestRF,low,,,,,0.5
0.4078701337178548,0.004294588385768314,0.032215515772501625,0.0013604654842647715,200.0,,9,12,"{'n_estimators': 200, 'min_samples_leaf': 9, 'max_depth': 12, 'honest_fraction': 0.5}",0.926,0.94,0.927,0.931,0.006377042156569617,15,-0.08672160783384453,-0.08995574027336947,-0.08133307219099152,-0.08600347343273518,0.0035566265831784463,1,HonestRF,low,,,,,0.5
0.28818345069885254,0.0020057904113692433,0.02934877077738444,0.00040161335814516776,200.0,,20,,"{'n_estimators': 200, 'min_samples_leaf': 20, 'max_depth': None, 'honest_fraction': 0.4}",0.969,0.973,0.945,0.9623333333333334,0.01236482466066095,11,-0.09120573353263067,-0.09738269950995078,-0.08962857550549433,-0.09273900284935858,0.0033461217219677283,4,HonestRF,low,,,,,0.4
0.25965483983357746,0.0015194807461250321,0.028799772262573242,0.00015522215301827928,200.0,,20,,"{'n_estimators': 200, 'min_samples_leaf': 20, 'max_depth': None, 'honest_fraction': 0.5}",0.974,0.975,0.96,0.9696666666666666,0.0068475461947247185,8,-0.09835369662346685,-0.10240097533255371,-0.09464451613091762,-0.0984663960289794,0.003167563806635783,7,HonestRF,low,,,,,0.5
0.1596656640370687,0.0006998637950787251,0.02382969856262207,0.0002963168567366875,200.0,,80,12,"{'n_estimators': 200, 'min_samples_leaf': 80, 'max_depth': 12, 'honest_fraction': 0.5}",0.969,0.965,0.951,0.9616666666666666,0.007717224601860157,12,-0.1783230192791574,-0.181663626762347,-0.17767325240400958,-0.17921996614850466,0.0017481718345637774,16,HonestRF,low,,,,,0.5
0.3046206633249919,0.0032801592086771224,0.030170202255249023,0.0012712776135767098,200.0,,9,6,"{'n_estimators': 200, 'min_samples_leaf': 9, 'max_depth': 6, 'honest_fraction': 0.5}",0.967,0.963,0.945,0.9583333333333334,0.009568466729604892,13,-0.09123588723523647,-0.09625240542219021,-0.08854361590441469,-0.09201063618728045,0.00319442596944129,3,HonestRF,low,,,,,0.5
0.47817500432332355,0.0060513693886941914,0.03212277094523112,0.0006608433554687479,200.0,,9,12,"{'n_estimators': 200, 'min_samples_leaf': 9, 'max_depth': 12, 'honest_fraction': 0.4}",0.901,0.923,0.888,0.904,0.014445299120013647,16,-0.08817627016048225,-0.08988381150371892,-0.09141839844178075,-0.0898261600353273,0.001324220957633749,2,HonestRF,low,,,,,0.4
0.21714655558268228,0.0012525047595713188,0.027564287185668945,0.001304444951425841,200.0,,40,6,"{'n_estimators': 200, 'min_samples_leaf': 40, 'max_depth': 6, 'honest_fraction': 0.4}",0.986,0.98,0.964,0.9766666666666666,0.009285592184789422,3,-0.11424310276435791,-0.11871517763862678,-0.1092675879245593,-0.11407528944251466,0.0038587872736201676,11,HonestRF,low,,,,,0.4
0.24549945195515951,0.002207542986003751,0.02813116709391276,0.0001440285476468422,200.0,,20,6,"{'n_estimators': 200, 'min_samples_leaf': 20, 'max_depth': 6, 'honest_fraction': 0.5}",0.98,0.977,0.961,0.9726666666666666,0.008339997335464543,7,-0.09959566301859084,-0.10512377062579964,-0.09545967050095878,-0.10005970138178309,0.003958973478704032,8,HonestRF,low,,,,,0.5
0.32369621594746906,0.007320394647508128,0.02950151761372884,0.00047212531064992337,200.0,,9,6,"{'n_estimators': 200, 'min_samples_leaf': 9, 'max_depth': 6, 'honest_fraction': 0.4}",0.959,0.953,0.926,0.9460000000000001,0.014352700094407285,14,-0.09106157702199966,-0.09507154012422371,-0.09231055514125572,-0.09281455742915971,0.001675403384254853,5,HonestRF,low,,,,,0.4
0.21667353312174478,0.002607638030978478,0.02690855662027995,0.0001534208684874052,200.0,,40,,"{'n_estimators': 200, 'min_samples_leaf': 40, 'max_depth': None, 'honest_fraction': 0.4}",0.987,0.98,0.964,0.977,0.009626352718795776,1,-0.11421333205248652,-0.11870922908519081,-0.10927255833327047,-0.11406503982364928,0.0038539314696283272,9,HonestRF,low,,,,,0.4
0.25968313217163086,0.002182910965012413,0.028173208236694336,9.551593027309392e-05,200.0,,20,6,"{'n_estimators': 200, 'min_samples_leaf': 20, 'max_depth': 6, 'honest_fraction': 0.4}",0.979,0.98,0.949,0.9693333333333333,0.014383632673594292,9,-0.09363819928997773,-0.10085963995372674,-0.09145115431296526,-0.09531633118555656,0.004020115712043045,6,HonestRF,low,,,,,0.4
0.2005748748779297,0.002887612366431438,0.02690720558166504,0.0002950488115629324,200.0,,40,6,"{'n_estimators': 200, 'min_samples_leaf': 40, 'max_depth': 6, 'honest_fraction': 0.5}",0.979,0.984,0.962,0.975,0.0094162979278837,4,-0.1191672983271703,-0.1232603653124879,-0.11646492897007989,-0.11963086420324602,0.0027935233143858876,12,HonestRF,low,,,,,0.5
0.17333443959554037,0.001436929627646026,0.025688330332438152,0.0006705212256234686,200.0,,80,12,"{'n_estimators': 200, 'min_samples_leaf': 80, 'max_depth': 12, 'honest_fraction': 0.4}",0.936,0.943,0.939,0.9393333333333334,0.002867441755680835,5,-0.4545702390905486,-0.5152453164588823,-0.38435423682327335,-0.45138993079090145,0.053483358487816456,14,HonestRF,high,,,,,0.4
0.21590153376261392,0.0022171978975772857,0.026860157648722332,0.00010061722283476505,200.0,,40,12,"{'n_estimators': 200, 'min_samples_leaf': 40, 'max_depth': 12, 'honest_fraction': 0.4}",0.932,0.94,0.944,0.9386666666666666,0.0049888765156985435,6,-0.4486798603966046,-0.5153612495939117,-0.3684421236791054,-0.4441610778898739,0.06006453161059379,7,HonestRF,high,,,,,0.4
0.19885945320129395,0.0019459818582198728,0.026775836944580078,0.00038285990566345194,200.0,,40,12,"{'n_estimators': 200, 'min_samples_leaf': 40, 'max_depth': 12, 'honest_fraction': 0.5}",0.94,0.938,0.945,0.941,0.0029439202887759515,2,-0.44230464430209215,-0.5147767482620904,-0.3639496895365264,-0.44034369403356965,0.061590499296660446,3,HonestRF,high,,,,,0.5
0.2005938688913981,0.002540762893502577,0.026850382486979168,0.00016214477345406848,200.0,,40,,"{'n_estimators': 200, 'min_samples_leaf': 40, 'max_depth': None, 'honest_fraction': 0.5}",0.94,0.938,0.945,0.941,0.0029439202887759515,2,-0.44230464430209215,-0.5147767482620904,-0.3639496895365264,-0.44034369403356965,0.061590499296660446,3,HonestRF,high,,,,,0.5
0.40696994463602704,0.00678099730476333,0.03162391980489095,0.0007801961907724751,200.0,,9,12,"{'n_estimators': 200, 'min_samples_leaf': 9, 'max_depth': 12, 'honest_fraction': 0.5}",0.915,0.921,0.931,0.9223333333333334,0.00659966329107445,15,-0.45905434320316396,-0.5226747737124506,-0.3699007025327486,-0.45054327314945436,0.06265943898727219,13,HonestRF,high,,,,,0.5
0.2902352015177409,0.0031630794061865385,0.029413859049479168,0.00035549707002407457,200.0,,20,,"{'n_estimators': 200, 'min_samples_leaf': 20, 'max_depth': None, 'honest_fraction': 0.4}",0.927,0.93,0.937,0.9313333333333335,0.004189935029992182,13,-0.45078046473434447,-0.5109545082104632,-0.37136459619679396,-0.44436652304720053,0.0571675308193415,10,HonestRF,high,,,,,0.4
0.2624305884043376,0.00284789021266378,0.030087868372599285,0.0002508698502261777,200.0,,20,,"{'n_estimators': 200, 'min_samples_leaf': 20, 'max_depth': None, 'honest_fraction': 0.5}",0.936,0.93,0.939,0.935,0.0037416573867739052,10,-0.4426672645657088,-0.5082120050554834,-0.36537358034271344,-0.43875094998796854,0.05837926020720187,1,HonestRF,high,,,,,0.5
0.15866541862487793,0.001960328022279355,0.024372100830078125,0.00031623621996611717,200.0,,80,12,"{'n_estimators': 200, 'min_samples_leaf': 80, 'max_depth': 12, 'honest_fraction': 0.5}",0.94,0.943,0.949,0.944,0.0037416573867739447,1,-0.45519457778627,-0.5225014977373925,-0.3669765988350853,-0.4482242247862493,0.06368379129392289,12,HonestRF,high,,,,,0.5
0.3047495683034261,0.007699976240086528,0.029615402221679688,0.0003313850151574003,200.0,,9,6,"{'n_estimators': 200, 'min_samples_leaf': 9, 'max_depth': 6, 'honest_fraction': 0.5}",0.928,0.93,0.945,0.9343333333333333,0.007586537784493983,11,-0.4496714744892215,-0.5126358092894228,-0.36167824596638026,-0.44132850991500816,0.06190988221882152,6,HonestRF,high,,,,,0.5
0.47203874588012695,0.006657996503089143,0.03275855382283529,0.0006687871153093363,200.0,,9,12,"{'n_estimators': 200, 'min_samples_leaf': 9, 'max_depth': 12, 'honest_fraction': 0.4}",0.893,0.903,0.92,0.9053333333333334,0.011145502331533668,16,-0.49127031845245483,-0.5473876501505108,-0.3837090246848954,-0.47412233109595364,0.06791275388988605,16,HonestRF,high,,,,,0.4
0.21538567543029785,0.0019116918566052714,0.02742942174275716,0.0009161198939712624,200.0,,40,6,"{'n_estimators': 200, 'min_samples_leaf': 40, 'max_depth': 6, 'honest_fraction': 0.4}",0.931,0.94,0.944,0.9383333333333334,0.005436502143433318,8,-0.4487601212201681,-0.5153616608571702,-0.36843530395888024,-0.4441856953454062,0.06006958529857233,9,HonestRF,high,,,,,0.4
0.24343212445576987,0.002771319403099721,0.02845112482706706,0.0003337533874312358,200.0,,20,6,"{'n_estimators': 200, 'min_samples_leaf': 20, 'max_depth': 6, 'honest_fraction': 0.5}",0.935,0.931,0.942,0.9359999999999999,0.004546060565661907,9,-0.4425779894232026,-0.5081827860934709,-0.36592093054794383,-0.43889390202153916,0.05813655339400748,2,HonestRF,high,,,,,0.5
0.32636451721191406,0.0024761274939719157,0.029071331024169922,0.00014767370415411847,200.0,,9,6,"{'n_estimators': 200, 'min_samples_leaf': 9, 'max_depth': 6, 'honest_fraction': 0.4}",0.914,0.927,0.94,0.927,0.010614455552060403,14,-0.4696381162003754,-0.5220888269121512,-0.3644553355747502,-0.4520607595624256,0.06554287145366702,15,HonestRF,high,,,,,0.4
0.2139564355214437,0.0015912432053768824,0.02698524792989095,0.00017190650080916916,200.0,,40,,"{'n_estimators': 200, 'min_samples_leaf': 40, 'max_depth': None, 'honest_fraction': 0.4}",0.932,0.94,0.944,0.9386666666666666,0.0049888765156985435,6,-0.4486798603966046,-0.5153612495939117,-0.3684421236791054,-0.4441610778898739,0.06006453161059379,7,HonestRF,high,,,,,0.4
0.26043399175008136,0.0021830065333154026,0.028037230173746746,8.588483068221172e-05,200.0,,20,6,"{'n_estimators': 200, 'min_samples_leaf': 20, 'max_depth': 6, 'honest_fraction': 0.4}",0.93,0.934,0.938,0.934,0.0032659863237108613,12,-0.4524362672477181,-0.5118682354142822,-0.3697858467972329,-0.44469678315307776,0.058262486497573755,11,HonestRF,high,,,,,0.4
0.19840423266092935,0.0015691704614604048,0.026476224263509113,0.00015410797780498448,200.0,,40,6,"{'n_estimators': 200, 'min_samples_leaf': 40, 'max_depth': 6, 'honest_fraction': 0.5}",0.94,0.938,0.945,0.941,0.0029439202887759515,2,-0.44230464430209215,-0.5147767482620904,-0.3639496895365264,-0.44034369403356965,0.061590499296660446,3,HonestRF,high,,,,,0.5
